auth_rating,beer_abv,beer_description,beer_ibu,beer_label,beer_label_hd,beer_name,beer_slug,beer_style,bid,brewery.brewery_id,brewery.brewery_label,brewery.brewery_name,brewery.brewery_slug,brewery.brewery_type,brewery.contact.facebook,brewery.contact.twitter,brewery.contact.url,brewery.country_name,brewery.location.brewery_city,brewery.location.brewery_state,brewery.location.lat,brewery.location.lng,created_at,is_homebrew,is_in_production,merge_details.master_bid,merge_details.merge_date,merge_details.requested_bid,rating_count,rating_score,rating_score_below,stats.monthly_count,stats.total_count,stats.total_user_count,stats.user_count,vintage_parent.beer.beer_abv,vintage_parent.beer.beer_name,vintage_parent.beer.beer_slug,vintage_parent.beer.bid,vintage_parent.beer.type_id,vintages.count,vintages.items,weighted_rating_score,wish_list
0,5.0,"Woodchuck? Amber is the original Woodchuck Cider. It's made from a blend of apples and fermented with champagne yeast to produce a great tasting and refreshing alcoholic drink. It's available in 6-packs and 12-packs, as well as on draft.",0,https://untappd.akamaized.net/site/beer_logos/beer-4484_ff5ec_sm.jpeg,https://untappd.akamaized.net/site/beer_logos_hd/beer-4484_20a23_hd.jpeg,Woodchuck Amber Hard Cider,woodchuck-cidery-woodchuck-amber-hard-cider,Cider,4484,611,https://untappd.akamaized.net/site/brewery_logos/brewery-611_068bd.jpeg,Woodchuck Cidery,woodchuck-cidery,Cidery / Meadery,http://www.facebook.com/WoodchuckCider,WoodchuckCider,http://www.woodchuck.com/,United States,Middlebury,VT,44.0358,-73.1662,"Sat, 21 Aug 2010 09:26:35 +0000",0,1,4484.0,"Thu, 01 Jan 1970 00:00:00 +0000",14849.0,48097,3.43446,,396,84806,58133,0,,,,,,0.0,[],3.43582,False
0,0.0,@Robbiexor named it. I'm drinking it.,0,https://untappd.akamaized.net/site/assets/images/temp/badge-beer-default.png,,The Wedge,homebrews-the-wedge,Pale Ale - American,14850,1775,https://untappd.akamaized.net/site/assets/images/temp/badge-brewery-default.png,Homebrew,homebrew,Home Brewery,,,,Other,,,0.0,0.0,"Wed, 15 Dec 2010 13:22:00 +0000",1,1,,,,0,0.0,,0,1,1,0,,,,,,0.0,[],3.786,False
0,0.0,"contains 5 malts: 2 row, crystal, roasted, Munich, and carapils. Utilizes both English and American hops. 5.8%",0,https://untappd.akamaized.net/site/assets/images/temp/badge-beer-default.png,,Porter,slo-brewing-company-porter,Porter - American,14851,3849,https://untappd.akamaized.net/site/brewery_logos/brewery-3849_ce410.jpeg,SLO Brew,slo-brew,Brew Pub,http://www.facebook.com/slobrew,slobrewingco,http://www.slobrew.xom,United States,San Luis Obispo,CA,35.279,-120.663,"Wed, 15 Dec 2010 13:28:44 +0000",0,1,,,,26,3.15385,,0,34,33,0,,,,,,0.0,[],3.59803,False
0,7.5,"We?ve all heard the question, ?Do you prefer malt or hops??  Well, here at CCB we say have your cake and eat it too! Our Catch 23 is an excessively hopped ale brewed with Rye and Roasted malts.  The use of rye gives this beer a luscious pillowy mouth feel to support the aggressive citrusy, piney hop profile. Rounding out the beer, the use of roasted malts gives Catch 23 its dark color and adds a significant complexity to the malt character",77,https://untappd.akamaized.net/site/beer_logos/beer-_17886_sm_93cd1c9895d22e8e5364c0a83f4aab.jpeg,,Catch 23,central-coast-brewing-catch-23,IPA - Black / Cascadian Dark Ale,17886,3886,https://untappd.akamaized.net/site/brewery_logos/brewery-centralcoastbrewing_3886.jpeg,Central Coast Brewing,central-coast-brewing,Micro Brewery,https://www.facebook.com/CentralCoastBrewing,ccbrewSLO,http://www.centralcoastbrewing.com,United States,San Luis Obispo,CA,35.2858,-120.655,"Mon, 27 Dec 2010 07:36:39 +0000",0,1,17886.0,"Fri, 03 Feb 2012 23:12:25 +0000",14852.0,1444,3.76402,,8,2027,1630,0,,,,,,0.0,[],3.74424,False
0,8.1,"8.0% ABV, nice dark Scotch Ale",0,https://untappd.akamaized.net/site/assets/images/temp/badge-beer-default.png,,Highland Hugh,franklin-s-restaurant-brewery-general-store-highland-hugh,Scottish Ale,14853,3504,https://untappd.akamaized.net/site/brewery_logos/brewery-3504_d55cf.jpeg,"Franklin's Restaurant, Brewery and General Store",franklins-restaurant-brewery-and-general-store,Micro Brewery,http://www.facebook.com/franklinsbrewery,,http://www.franklinsbrewery.com,United States,Hyattsville,MD,38.9526,-76.9404,"Wed, 15 Dec 2010 13:35:49 +0000",0,1,,,,225,3.71333,,0,297,265,0,,,,,,0.0,[],3.67685,False
0,4.7,"A classic Irish Stout. Full bodied, yet smooth and spectacular in appearance.",0,https://untappd.akamaized.net/site/beer_logos/beer-BlueFinStout_14854.jpeg,,Blue Fin Stout,shipyard-brewing-company-blue-fin-stout,Stout - Irish Dry,14854,2392,https://untappd.akamaized.net/site/brewery_logos/brewery-ShipyardBrewingCo_2392.jpeg,Shipyard Brewing Company,shipyard-brewing-company,Micro Brewery,http://www.facebook.com/ShipyardBrewing?ref=ts,shipyardbrewing,http://www.shipyard.com/,United States,Portland,ME,43.662,-70.2486,"Wed, 15 Dec 2010 13:36:13 +0000",0,1,,,,11692,3.36106,,104,14961,13149,0,,,,,,0.0,[],3.36843,False
0,8.6,"Ale brewed with Spices. As with any good epic, herein lies the promise of larger-than-life experiences, heroics, and twists and turns as the adventure unfolds. This bottle conditioned ale is chapter five, and is specifically designed to be aged until sometime after December 12th, 2012. Provided you can wait that long. At that time, enjoy it in a ""vertical"" tasting along with its ten Stone Vertical Epic Ale brethren. Each on unique to its year of release. Each with its own ""twist & turn"" in the plot line. Each one release one year, one month and one day from the previous year?s edition. This is quite a complex and layered beer. Bold and smooth chocolate malt flavors combine with a Belgian yeast lending tropical fruit/banana flavors and hints of spiciness, all complemented by citrus notes from an addition of tangerine peel. Rich vanilla beans add a nice counter to the chocolate malt - actually enhancing the chocolatiness. The finish is smooth, with additional traces of vanilla and toasted characters from French Oak. The goal for this edition of the Stone Vertical Epic Ale series is to be reminiscent of artisanal chocolates accentuated with orange.",0,https://untappd.akamaized.net/site/beer_logos/beer-090909VerticalEpicAle_5669.jpeg,,Stone 09.09.09 Vertical Epic Ale,stone-brewing-co-stone-09-09-09-vertical-epic-ale,Belgian Strong Dark Ale,5669,1204,https://untappd.akamaized.net/site/brewery_logos/brewery-1204_23541.jpeg,Stone Brewing,stone-brewing,Micro Brewery,http://www.facebook.com/StoneBrewingCo,StoneBrewingCo,http://www.stonebrewing.com/,United States,Escondido,CA,33.1157,-117.12,"Sat, 21 Aug 2010 09:26:35 +0000",0,0,5669.0,"Thu, 01 Jan 1970 00:00:00 +0000",14855.0,5843,4.00732,,30,8612,7247,0,,,,,,0.0,[],3.98963,False
0,9.0,"This strong golden ale is marked by passion fruit and herbal notes in the aroma, with suggestions of banana and honey in the complex palate. The Tripel has a remarkably long and smooth finish.",18,https://untappd.akamaized.net/site/beer_logos/beer-_1424_sm_13af8542920bddb2ecf7bf98d047e0.jpeg,https://untappd.akamaized.net/site/beer_logos_hd/beer-_1424_hd_ca3c9e1cd8546bee06aed63322d8d8.jpeg,Tripel,allagash-brewing-company-tripel,Belgian Tripel,1424,24,https://untappd.akamaized.net/site/brewery_logos/brewery-24_015ad.jpeg,Allagash Brewing Company,allagash-brewing-company,Micro Brewery,https://www.facebook.com/pages/Allagash-Brewing-Company/111357972232101?ref=ts&fref=ts,allagashbrewing,http://allagash.com,United States,Portland,ME,43.7028,-70.3182,"Sat, 21 Aug 2010 09:26:35 +0000",0,1,1424.0,"Fri, 09 Dec 2011 13:39:26 +0000",14856.0,39810,3.89625,,715,55000,44856,0,,,,,,5.0,"[{'beer': {'bid': 291181, 'beer_label': 'https://untappd.akamaized.net/site/assets/images/temp/badge-beer-default.png', 'beer_slug': 'allagash-brewing-company-tripel-reserve-batch-191', 'beer_name': 'Tripel Reserve Batch #191', 'is_vintage': 1, 'is_variant': 0}}, {'beer': {'bid': 291212, 'beer_label': 'https://untappd.akamaized.net/site/assets/images/temp/badge-beer-default.png', 'beer_slug': 'allagash-brewing-company-tripel-reserve-batch-190', 'beer_name': 'Tripel Reserve Batch #190', 'is_vintage': 1, 'is_variant': 0}}, {'beer': {'bid': 292706, 'beer_label': 'https://untappd.akamaized.net/site/assets/images/temp/badge-beer-default.png', 'beer_slug': 'allagash-brewing-company-tripel-reserve-batch-189', 'beer_name': 'Tripel Reserve Batch #189', 'is_vintage': 1, 'is_variant': 0}}, {'beer': {'bid': 294546, 'beer_label': 'https://untappd.akamaized.net/site/assets/images/temp/badge-beer-default.png', 'beer_slug': 'allagash-brewing-company-tripel-reserve-batch-188', 'beer_name': 'Tripel Reserve Batch #188', 'is_vintage': 1, 'is_variant': 0}}, {'beer': {'bid': 297749, 'beer_label': 'https://untappd.akamaized.net/site/assets/images/temp/badge-beer-default.png', 'beer_slug': 'allagash-brewing-company-tripel-reserve-batch-176', 'beer_name': 'Tripel Reserve Batch #176', 'is_vintage': 1, 'is_variant': 0}}]",3.89439,False
0,5.8,"A central Texas take on the classic American style, Ranger Creek OPA is an American Pale Ale at heart with oat malt for body and creamy mouthfeel. It has smooth, sweet, and toasty malt flavors with an underlying creamy nuttiness from the oats. The malt profile is balanced nicely by U.S. grown Centennial and Citra hops. The nose and finish are full of toasted coconut, pineapple, lime zest, apricot, and herbaceous spice, making this beer pair well with Thai food, a juicy hamburger with sharp cheddar, and oatmeal cookies.",35,https://untappd.akamaized.net/site/beer_logos/beer-11738_d36d6_sm.jpeg,https://untappd.akamaized.net/site/beer_logos_hd/beer-11738_30e42_hd.jpeg,OPA (Oatmeal Pale Ale),ranger-creek-brewing-distilling-opa-oatmeal-pale-ale,Pale Ale - American,11738,2922,https://untappd.akamaized.net/site/brewery_logos/brewery-2922_7ee68.jpeg,Ranger Creek Brewing & Distilling,ranger-creek-brewing-distilling,Micro Brewery,http://www.facebook.com/pages/Ranger-Creek-Brewing-Distilling/147904341485,rangercreek,http://drinkrangercreek.com,United States,San Antonio,TX,29.5295,-98.3969,"Sun, 28 Nov 2010 11:12:26 +0000",0,1,11738.0,"Thu, 01 Jan 1970 00:00:00 +0000",14857.0,7632,3.64914,,132,12405,8644,0,,,,,,0.0,[],3.64921,False
0,6.0,"Version plus cors?e et rarissime des Altbier typiquement retrouv?es ? D?sseldorf en Allemagne

Stronger, rarer and hoppier version of an Altbier typically found in D?sseldorf, Germany",74,https://untappd.akamaized.net/site/beer_logos/beer-14858_0314d_sm.jpeg,https://untappd.akamaized.net/site/beer_logos_hd/beer-14858_69209_hd.jpeg,Sticke Alt,les-trois-mousquetaires-sticke-alt,Altbier,14858,2546,https://untappd.akamaized.net/site/brewery_logos/brewery-2546_14366.jpeg,Les Trois Mousquetaires - LTM,les-trois-mousquetaires,Micro Brewery,https://www.facebook.com/les.trois.mousquetaires,3_Mousquetaires,http://lestroismousquetaires.ca,Canada,Brossard,QC,45.4307,-73.4636,"Wed, 15 Dec 2010 13:54:05 +0000",0,1,,,,2452,3.55557,,49,3142,2702,0,,,,,,0.0,[],3.56611,False
0,7.3,"Our ?Oatmeal Stout? is bold yet balanced, rich and roasted with a delightful creamy and smooth-bodied profile. Dark-roasted coffee aromas and flavors of espresso, bourbon and semi-sweet chocolate entertain you palate and transcend you into a divine enjoyment of this ale.",40,https://untappd.akamaized.net/site/beer_logos/beer-14859_ab0e3_sm.jpeg,https://untappd.akamaized.net/site/beer_logos_hd/beer-14859_18c71_hd.jpeg,Odin's Stout,solvang-brewing-company-odin-s-stout,Stout - Oatmeal,14859,11458,https://untappd.akamaized.net/site/brewery_logos/brewery-SolvangBrewingCompany_11458.jpeg,Solvang Brewing Company,solvang-brewing-company,Brew Pub,https://www.facebook.com/pages/Solvang-Brewing-Company/367070734984,SolvangBrewco,http://www.solvangbrewing.com/,United States,Solvang,CA,34.5963,-120.144,"Wed, 15 Dec 2010 13:55:13 +0000",0,1,,,,798,3.61811,,26,924,886,0,,,,,,0.0,[],3.62717,False
0,6.0,,0,https://untappd.akamaized.net/site/beer_logos/beer-AbbysAle_14860.jpeg,,Abby's Ale,bold-city-brewery-abby-s-ale,Belgian Dubbel,14860,1471,https://untappd.akamaized.net/site/brewery_logos/brewery-BoldCityBrewery_1471.jpeg,Bold City Brewery,bold-city-brewery,Micro Brewery,www.facebook.com/pages/Bold-City-Brewery/54391921191,boldcitybrewery,http://www.boldcitybrewery.com,United States,Jacksonville,FL,30.319,-81.6953,"Wed, 15 Dec 2010 13:56:25 +0000",0,1,,,,191,3.51832,,8,237,207,0,,,,,,0.0,[],3.59984,False
0,5.0,Firestone Walker no longer creates Private Label beers as of 2013.,0,https://untappd.akamaized.net/site/assets/images/temp/badge-beer-default.png,,PL Honey Blonde Ale,firestone-walker-brewing-company-pl-honey-blonde-ale,Blonde Ale,14861,524,https://untappd.akamaized.net/site/brewery_logos/brewery-524_e835d.jpeg,Firestone Walker Brewing Company,firestone-walker-brewing-company,Micro Brewery,http://www.facebook.com/#!/firestone.walker,FirestoneWalker,http://www.firestonebeer.com/,United States,Paso Robles,CA,35.5953,-120.694,"Wed, 15 Dec 2010 14:07:59 +0000",0,0,,,,406,3.47044,,0,624,544,0,,,,,,0.0,[],3.54405,False
0,4.9,Lifted florals of citrus with a balanced malty dry finish. Our House Favourite here at The Lord.,27,https://untappd.akamaized.net/site/beer_logos/beer-ThreeSheets_14862.jpeg,,Three Sheets,the-lord-nelson-brewery-hotel-three-sheets,Pale Ale - Australian,14862,2748,https://untappd.akamaized.net/site/brewery_logos/brewery-2748_12736.jpeg,The Lord Nelson Brewery Hotel,the-lord-nelson-brewery-hotel,Micro Brewery,http://www.facebook.com/lord.nelson.brewery.hotel,LordNelsonBrew,http://www.lordnelsonbrewery.com,Australia,Sydney,NSW,-33.8582,151.203,"Wed, 15 Dec 2010 14:13:34 +0000",0,1,,,,5929,3.65517,,160,10057,6597,0,,,,,,0.0,[],3.65496,False
0,6.5,"A Belgian ?double? ale brewed with barley, rye, wheat and oat malts with a generous amount of amber Belgian candy sugar added to the boil. The beer is fermented with a special Belgian yeast strain found in the Bastogne region.",0,https://untappd.akamaized.net/site/assets/images/temp/badge-beer-default.png,,Dubbelicious,craggie-brewing-company-dubbelicious,Belgian Dubbel,14863,2422,https://untappd.akamaized.net/site/brewery_logos/brewery-CraggieBrewingCompany_2422.jpeg,Craggie Brewing Company,craggie-brewing-company,Micro Brewery,http://www.facebook.com/craggiebrewingco,CraggieBrewing,http://craggiebrewingco.com/,United States,Ashville,NC,35.5912,-82.5559,"Wed, 15 Dec 2010 14:15:29 +0000",0,0,,,,117,3.49359,,0,205,172,0,,,,,,0.0,[],3.59906,False
0,8.9,"Bucket Head IPA is an aggressively hopped India Pale Ale. We believe that you should go big or go home. Therefore, we add Cascade, Centennial and Mt. Hood hops buckets at a time to make the biggest of our beers. This copper colored beer will start with a hint of sweetness, immediately followed with a punch in the mouth of bitterness.

This IPA is not for everyone, but it doesn?t try to be.",81,https://untappd.akamaized.net/site/beer_logos/beer-34309_7dde7_sm.jpeg,https://untappd.akamaized.net/site/beer_logos_hd/beer-34309_228c6_hd.jpeg,Buckethead IPA,thirsty-planet-brewing-company-buckethead-ipa,IPA - American,34309,3587,https://untappd.akamaized.net/site/brewery_logos/brewery-ThirstyPlanet_3587.jpeg,Thirsty Planet Brewing Company,thirsty-planet-brewing-company,Micro Brewery,http://www.facebook.com/pages/Austin-TX/Thirsty-Planet-Brewing-Company/346643788295?ref=ts,Thirsty_Planet,http://www.thirstyplanet.net,United States,Austin,TX,30.2258,-97.9522,"Thu, 03 Mar 2011 00:36:37 +0000",0,1,34309.0,"Thu, 20 Dec 2012 22:38:45 +0000",14864.0,9556,3.64347,,196,15088,10828,0,,,,,,0.0,[],3.6437,False
0,6.2,"A fully flavored and fully hopped robust English style porter with a deep 
charcoal brown hue, smokey tones and a proper bitter finish.
",60,https://untappd.akamaized.net/site/beer_logos/beer-PumpHousePorter_14865.jpeg,,Pump House Porter,thomas-creek-brewery-pump-house-porter,Porter - English,14865,1257,https://untappd.akamaized.net/site/brewery_logos/brewery-1257_de727.jpeg,Thomas Creek Brewery,thomas-creek-brewery,Micro Brewery,https://www.facebook.com/pages/Thomas-Creek-Brewery/159971907379759?sk=wall&filter=2&notif_t=wall,ThomasCreekBeer,http://www.thomascreekbeer.com,United States,Greenville,SC,34.7965,-82.4245,"Wed, 15 Dec 2010 14:25:28 +0000",0,1,,,,1707,3.39016,,1,2263,1943,0,,,,,,0.0,[],3.42979,False
0,0.0,"65% Ale Aged in a Wood Barrel, 14% Ale with Cherries Added & Ale, 21% Ale Brewed with Coriander and 100% Aged in Apple Flavored Whiskey Barrels.  Hand bottled August 26, 2010. ",0,https://untappd.akamaized.net/site/beer_logos/beer-14866_e41c2_sm.jpeg,https://untappd.akamaized.net/site/beer_logos_hd/beer-14866_3ed9f_hd.jpeg,Twisted Spoke 15th Anniversary,new-belgium-brewing-company-twisted-spoke-15th-anniversary,Sour - Ale,14866,905,https://untappd.akamaized.net/site/brewery_logos/brewery-905_2ddc7.jpeg,New Belgium Brewing Company,new-belgium-brewing-company,Micro Brewery,http://www.facebook.com/newbelgium,newbelgium,http://www.newbelgium.com,United States,Fort Collins,CO,40.5934,-105.067,"Wed, 15 Dec 2010 14:32:10 +0000",0,0,,,,255,4.34216,,0,373,332,0,,,,,,0.0,[],3.96428,False
0,0.0,I got this as a gift at Addison brew meeting... Wow super chocolate taste,0,https://untappd.akamaized.net/site/assets/images/temp/badge-beer-default.png,,Chocolate Imperial Stout,homebrew-chocolate-imperial-stout,Stout - American Imperial / Double,14867,1775,https://untappd.akamaized.net/site/assets/images/temp/badge-brewery-default.png,Homebrew,homebrew,Home Brewery,,,,Other,,,0.0,0.0,"Wed, 15 Dec 2010 14:34:36 +0000",1,1,,,,0,0.0,,0,2,1,0,,,,,,0.0,[],3.786,False
0,7.0,"The story of New Belgium begins with an abbey: Not only were Belgium?s monastic beers the inspiration behind our Colorado brewery, but Abbey, a Belgian-style dubbel, was one of the first beers we released way back in 1991. Since then, it?s become our most award-winning offering, and in 2015, we updated the recipe.

This garnet brown hued Belgian-style dubbel is strong on character and rich in flavor. Seven malts, including caramel Munich and chocolate, and a definitive Belgian yeast, waft off sweet, spicy aromas. Rich tones of chocolate and dark caramel mix with nuanced dried cherries, burnt sugar and figs. Sweet and roasty upfront, followed by a slightly bitter finish, Abbey is a lovely representation of the monastic beers of Belgium. Sip Abbey, and sip New Belgium?s tradition.",20,https://untappd.akamaized.net/site/beer_logos/beer-_403_sm_fe8bf8fe8fd4765003d65efb322c86.jpeg,https://untappd.akamaized.net/site/beer_logos_hd/beer-_403_hd_e15949d57bc60a4601ca7b03931455.jpeg,Abbey,new-belgium-brewing-company-abbey,Belgian Dubbel,403,905,https://untappd.akamaized.net/site/brewery_logos/brewery-905_2ddc7.jpeg,New Belgium Brewing Company,new-belgium-brewing-company,Micro Brewery,http://www.facebook.com/newbelgium,newbelgium,http://www.newbelgium.com,United States,Fort Collins,CO,40.5934,-105.067,"Sat, 21 Aug 2010 09:26:35 +0000",0,1,403.0,"Thu, 01 Jan 1970 00:00:00 +0000",14868.0,38347,3.57167,,440,56218,43376,0,,,,,,0.0,[],3.5723,False
0,5.5,,0,https://untappd.akamaized.net/site/assets/images/temp/badge-beer-default.png,,Our Special Ale,,Winter Warmer,15460,3891,https://untappd.akamaized.net/site/brewery_logos/brewery-AnchorBrewingCompany_3891.jpeg,Anchor Brewing Company,anchor-brewing-company,Micro Brewery,http://www.facebook.com/anchorbrewing,AnchorBrewing,http://www.anchorbrewing.com,United States,San Francisco,CA,37.7635,-122.401,"Sat, 18 Dec 2010 14:50:20 +0000",0,1,15460.0,"Thu, 01 Jan 1970 00:00:00 +0000",14869.0,0,0.0,True,0,0,0,0,,,,,,0.0,[],0.0,False
0,5.1,"1897 Amber is a naturally crafted, unpasteurized, Belgian Style Amber. Our hand selected Belgian Amber, French and Canadian malts are brewed with the finest English and European characteristic hops to produce a beer of nuance. The mellow toasted malt and even body is perfectly balanced with a soft bitterness and mild hop aroma. The resulting light bodied beer has a subtle flavour complexity and an exceptionally clean finish.",15,https://untappd.akamaized.net/site/beer_logos/beer-254057_5c5a4_sm.jpeg,https://untappd.akamaized.net/site/beer_logos_hd/beer-254057_8f670_hd.jpeg,Stanley Park 1897 Amber Ale,stanley-park-brewery-stanley-park-1897-amber-ale,Red Ale - American Amber / Red,254057,7985,https://untappd.akamaized.net/site/brewery_logos/brewery-7985_8c951.jpeg,Stanley Park Brewing,stanley-park-brewing,Micro Brewery,http://www.facebook.com/stanleyparkbrew,stanleyparkbrew,http://www.stanleyparkbrewing.ca,Canada,Vancouver,BC,49.2612,-123.114,"Sat, 27 Oct 2012 16:57:20 +0000",0,1,254057.0,"Thu, 07 Aug 2014 07:47:01 +0000",14870.0,6034,3.36729,,156,9487,6659,0,,,,,,0.0,[],3.38094,False
0,5.2,"Brewed in honour of John Mitchell, Spinnakers? Original brewer & publican. This beer is a classic English style Extra Special Bitter, brewed with English Pale and Specialty malts, balanced with earthy old world hop varietals.

Raise a toast to the Grandfather of BC craft beer.",40,https://untappd.akamaized.net/site/beer_logos/beer-217869_895fd_sm.jpeg,https://untappd.akamaized.net/site/beer_logos_hd/beer-217869_adfba_hd.jpeg,Mitchell's Extra Special Bitter,spinnakers-gastro-brewpub-mitchell-s-extra-special-bitter,Extra Special / Strong Bitter,217869,3383,https://untappd.akamaized.net/site/brewery_logos/brewery-3383_06d45.jpeg,Spinnakers Gastro Brewpub,spinnakers-gastro-brewpub,Micro Brewery,http://www.facebook.com/Spinnakersbrewpub,Spinnakers,http://www.spinnakers.com/,Canada,Victoria,BC,48.4293,-123.385,"Sun, 19 Aug 2012 23:25:19 +0000",0,1,217869.0,"Mon, 17 Dec 2012 20:07:27 +0000",14871.0,596,3.56166,,4,819,682,0,,,,,,0.0,[],3.59192,False
0,5.0,"Brewed in honour of poet Robert Service, the Service 1904 Scottish Stone Fired Ale is an easy-drinker that is on tap exclusively at the Bard & Banker, Irish Times and Penny Farthing in Victoria. The ale is brewed by adding heated stones to the kettle where sugars carmelize on the stones, resulting in a slight sweetness with a dry finish.",0,https://untappd.akamaized.net/site/beer_logos/beer-14872_4b75f_sm.jpeg,https://untappd.akamaized.net/site/beer_logos_hd/beer-14872_47ed3_hd.jpeg,Service 1904 Scottish Stone Fired Ale,phillips-brewing-company-service-1904-scottish-stone-fired-ale,Scottish Ale,14872,1472,https://untappd.akamaized.net/site/brewery_logos/brewery-PhillipsBrewingCompany_1472.jpeg,Phillips Brewing Company,phillips-brewing-company,Micro Brewery,http://www.facebook.com/phillipsbeer,phillipsbeer,http://phillipsbeer.com,Canada,Victoria,BC,48.4323,-123.367,"Wed, 15 Dec 2010 15:44:04 +0000",0,1,,,,493,3.59483,,16,639,549,0,,,,,,0.0,[],3.61625,False
0,9.0,,0,https://untappd.akamaized.net/site/beer_logos/beer-9379_b78c0_sm.jpeg,https://untappd.akamaized.net/site/beer_logos_hd/beer-9379_206c1_hd.jpeg,Cuv?e de No?l,brasserie-st-feuillien-cuvee-de-noel,Belgian Strong Dark Ale,9379,295,https://untappd.akamaized.net/site/brewery_logos/brewery-BrasserieStFeuillien_295.jpeg,Brasserie St-Feuillien,brasserie-st-feuillien,Macro Brewery,,,www.st-feuillien.com,Belgium,Le Roeulx,Hainaut,50.5019,4.10969,"Mon, 15 Nov 2010 13:18:48 +0000",0,1,9379.0,"Thu, 01 Jan 1970 00:00:00 +0000",14873.0,11661,3.58123,,102,14585,12842,0,,,,,,5.0,"[{'beer': {'bid': 493701, 'beer_label': 'https://untappd.akamaized.net/site/beer_logos/beer-9379_b78c0_sm.jpeg', 'beer_slug': 'brasserie-st-feuillien-st-feuillien-cuvee-de-noel-2009', 'beer_name': 'St-Feuillien Cuv?e de No?l (2009)', 'is_vintage': 1, 'is_variant': 0}}, {'beer': {'bid': 515638, 'beer_label': 'https://untappd.akamaized.net/site/beer_logos/beer-9379_b78c0_sm.jpeg', 'beer_slug': 'brasserie-st-feuillien-st-feuillien-cuvee-de-noel-2013', 'beer_name': 'St-Feuillien Cuv?e de No?l (2013)', 'is_vintage': 1, 'is_variant': 0}}, {'beer': {'bid': 527912, 'beer_label': 'https://untappd.akamaized.net/site/beer_logos/beer-9379_b78c0_sm.jpeg', 'beer_slug': 'brasserie-st-feuillien-st-feuillien-cuvee-de-noel-2007', 'beer_name': 'St-Feuillien Cuv?e de No?l (2007)', 'is_vintage': 1, 'is_variant': 0}}, {'beer': {'bid': 538735, 'beer_label': 'https://untappd.akamaized.net/site/beer_logos/beer-9379_b78c0_sm.jpeg', 'beer_slug': 'brasserie-st-feuillien-st-feuillien-cuvee-de-noel-2011', 'beer_name': 'St-Feuillien Cuv?e de No?l (2011)', 'is_vintage': 1, 'is_variant': 0}}, {'beer': {'bid': 543642, 'beer_label': 'https://untappd.akamaized.net/site/beer_logos/beer-9379_b78c0_sm.jpeg', 'beer_slug': 'brasserie-st-feuillien-st-feuillien-cuvee-de-noel-2010', 'beer_name': 'St-Feuillien Cuv?e de No?l (2010)', 'is_vintage': 1, 'is_variant': 0}}]",3.58301,False
0,5.5,,0,https://untappd.akamaized.net/site/beer_logos/beer-14874_cb91f_sm.jpeg,https://untappd.akamaized.net/site/beer_logos_hd/beer-14874_4c8ec_hd.jpeg,Maple Stout,cannery-brewing-maple-stout,Stout - Other,14874,4131,https://untappd.akamaized.net/site/brewery_logos/brewery-4131_9f86a.jpeg,Cannery Brewing,cannery-brewing,Micro Brewery,http://www.facebook.com/CanneryBrewing,CanneryBrewing,http://www.cannerybrewing.com,Canada,Penticton,BC,49.5007,-119.591,"Wed, 15 Dec 2010 16:19:32 +0000",0,1,,,,1214,3.69131,,40,1538,1324,0,,,,,,0.0,[],3.68319,False
0,10.0,"The N?ICE CHOUFFE is a strong dark beer that will warm you up during the winter months.  It is spiced (with thyme and cura?ao) and a light hop taste, a well-balanced beer.  The N?ICE CHOUFFE is unfiltered, and re-fermented in the bottle as well as in the keg.",0,https://untappd.akamaized.net/site/beer_logos/beer-NIceChouffe_7539.jpeg,,N'Ice Chouffe,brasserie-d-achouffe-n-ice-chouffe,Winter Warmer,7539,11866,https://untappd.akamaized.net/site/brewery_logos/brewery-11866_be37d.jpeg,Brasserie d'Achouffe,brasserie-dachouffe,Micro Brewery,http://www.facebook.com/LaChouffe.beer,LaChouffeGnome,http://www.achouffe.be,Belgium,Achouffe,Luxembourg,50.1675,5.71526,"Sat, 06 Nov 2010 07:58:26 +0000",0,1,7539.0,"Thu, 01 Jan 1970 00:00:00 +0000",14875.0,49989,3.73594,,518,67609,54962,0,,,,,,5.0,"[{'beer': {'bid': 278065, 'beer_label': 'https://untappd.akamaized.net/site/beer_logos/beer-NIceChouffe_7539.jpeg', 'beer_slug': 'brasserie-d-achouffe-n-ice-chouffe-2006', 'beer_name': ""N'Ice Chouffe (2006)"", 'is_vintage': 1, 'is_variant': 0}}, {'beer': {'bid': 284098, 'beer_label': 'https://untappd.akamaized.net/site/beer_logos/beer-NIceChouffe_7539.jpeg', 'beer_slug': 'brasserie-d-achouffe-n-ice-chouffe-2005', 'beer_name': ""N'ice Chouffe (2005)"", 'is_vintage': 1, 'is_variant': 0}}, {'beer': {'bid': 284235, 'beer_label': 'https://untappd.akamaized.net/site/beer_logos/beer-NIceChouffe_7539.jpeg', 'beer_slug': 'brasserie-d-achouffe-n-ice-chouffe-2007', 'beer_name': ""N'ice Chouffe (2007)"", 'is_vintage': 1, 'is_variant': 0}}, {'beer': {'bid': 284274, 'beer_label': 'https://untappd.akamaized.net/site/beer_logos/beer-NIceChouffe_7539.jpeg', 'beer_slug': 'brasserie-d-achouffe-n-ice-chouffe-2008', 'beer_name': ""N'ice Chouffe (2008)"", 'is_vintage': 1, 'is_variant': 0}}, {'beer': {'bid': 286945, 'beer_label': 'https://untappd.akamaized.net/site/beer_logos/beer-NIceChouffe_7539.jpeg', 'beer_slug': 'brasserie-d-achouffe-n-ice-chouffe-2011', 'beer_name': ""N'ice Chouffe (2011)"", 'is_vintage': 1, 'is_variant': 0}}]",3.73543,False
0,7.0,"Home for the Holidays is a smooth, malty, warming brown ale, brewed with loads of roasted malts to give hints of chocolate and raisin, liberally dosed with noble Halletauer and Saaz hops, and fermented with a Belgian yeast strain. It?s perfect for evenings with that special someone (or your dog, or ideally, both) in front of the fire, or to celebrate the return of a family member who?s been away... Profits from the sale of this product will be donated to Iraq and Afghanistan Veterans of America (www.iava.org).",0,https://untappd.akamaized.net/site/assets/images/temp/badge-beer-default.png,,Home for the Holidays,high-mighty-beer-co-home-for-the-holidays,Brown Ale - American,14876,1401,https://untappd.akamaized.net/site/brewery_logos/brewery-HighandMightyBeerCo_1401.jpeg,High & Mighty Beer Co.,high-mighty-beer-co,Micro Brewery,http://Facebook.com/highmightybeer,highmightybrew,http://www.highandmightybeer.com/,United States,Holyoke,MA,42.2012,-72.6104,"Wed, 15 Dec 2010 16:32:29 +0000",0,1,,,,74,3.32095,,0,112,108,0,,,,,,0.0,[],3.57911,False
0,4.5,,0,https://untappd.akamaized.net/site/beer_logos/beer-33Export_23818.jpeg,,"""33"" Export",bgi-tien-giang-33-export,Lager - North American Adjunct,23818,6673,https://untappd.akamaized.net/site/assets/images/temp/badge-brewery-default.png,BGI Tien Giang,bgi-tien-giang,Micro Brewery,,,,Vietnam,,,0.0,0.0,"Thu, 13 Jan 2011 08:14:26 +0000",0,1,23818.0,"Tue, 20 Mar 2012 22:21:49 +0000",14877.0,9608,2.80969,,114,12320,11065,0,,,,,,0.0,[],2.83557,False
0,6.2,"Mornington IPA is an American hopped India Pale Ale. Light orange-tinted amber in colour, this heavily hopped ale delivers rich stone-fruit aromas of peach and apricots. An initially sweet malty palate opens up to a fruity hop flavour and rising bitterness that will satisfy the bitter beer drinker.",65,https://untappd.akamaized.net/site/beer_logos/beer-14878_27857_sm.jpeg,https://untappd.akamaized.net/site/beer_logos_hd/beer-14878_175f0_hd.jpeg,IPA,mornington-peninsula-brewery-ipa,IPA - American,14878,3896,https://untappd.akamaized.net/site/brewery_logos/brewery-MorningtonPeninsulaBrewery_3896.jpeg,Mornington Peninsula Brewery,mornington-peninsula-brewery,Micro Brewery,http://www.facebook.com/pages/Mornington-Peninsula-Brewery/242420369366,mpbrew,http://www.mpbrew.com.au,Australia,Mornington,VIC,-38.2324,145.057,"Wed, 15 Dec 2010 17:03:59 +0000",0,1,,,,3307,3.71787,,85,6476,3647,0,,,,,,0.0,[],3.71222,False
0,5.0,"A festive, rich, warm amber ale with a glorious medley of spices including cinnamon, ginger, and nutmeg.",26,https://untappd.akamaized.net/site/beer_logos/beer-_14879_807429ffb4c08f7b086055117203.jpeg,,Christmas Beeracle,dead-frog-brewery-christmas-beeracle,Winter Ale,14879,3897,https://untappd.akamaized.net/site/brewery_logos/brewery-deadfrogbrewery_3897.jpeg,Dead Frog Brewery,dead-frog-brewery,Micro Brewery,https://www.facebook.com/deadfrogbrewery,DeadFrogBrewery,http://www.deadfrog.ca,Canada,Aldergrove,BC,49.0975,-122.469,"Wed, 15 Dec 2010 17:44:54 +0000",0,0,,,,49,3.35714,,0,84,74,0,,,,,,0.0,[],3.60524,False
0,4.5,,0,https://untappd.akamaized.net/site/assets/images/temp/badge-beer-default.png,,Pilsner,st-arnou-premium-beers-pilsner,Pilsner - Other,14880,3166,https://untappd.akamaized.net/site/brewery_logos/brewery-StArnou_3166.jpeg,St Arnou Premium Beers,st-arnou-premium-beers,Micro Brewery,http://www.facebook.com/StArnou,,http://www.st-arnou.com.au,Australia,Smithfield,NSW,-33.8393,150.949,"Wed, 15 Dec 2010 17:45:25 +0000",0,1,,,,42,3.0,,0,73,61,0,,,,,,0.0,[],3.57124,False
0,6.8,"A pair of Kiwis brewing renowned ales on opposite sides of the planet put their heads together to produce New Zealand?s first international collaborative brew.  In February 2010, Luke Nicholas from Epic Brewing Company (NZ) and Kelly Ryan from Thornbridge Brewery (Eng) created a silky, decadent yet hoppy stout.  Their synergistic brew, Epic Thornbridge Stout, is a drinkable testament to the power of collaboration.  Kelly has helped draw out Epic?s dark side which may just usher in a new epoch for brewing in this country.",0,https://untappd.akamaized.net/site/beer_logos/beer-epicStout.jpg,,Thornbridge Stout,epic-brewing-company-thornbridge-stout,Stout - Other,14881,506,https://untappd.akamaized.net/site/brewery_logos/brewery-EpicBrewingCompany_506.jpeg,Epic Brewing Company,epic-brewing-company,Micro Brewery,http://www.facebook.com/epicbeer,epicbeer,http://epicbeer.com,New Zealand,Auckland,North Island,-36.9489,174.821,"Wed, 15 Dec 2010 17:54:42 +0000",0,0,,,,121,3.7438,,0,209,160,0,,,,,,0.0,[],3.67682,False
0,6.5,"- Limited time product for Winter 2010
- ""World Beer Tour"" series",0,https://untappd.akamaized.net/site/assets/images/temp/badge-beer-default.png,,Asahi Premium Belgian Ale,asahi-breweries-asahi-premium-belgian-ale,Pale Ale - Belgian,14882,50,https://untappd.akamaized.net/site/brewery_logos/brewery-AsahiBreweries_50.jpeg,Asahi Breweries,asahi-breweries,Macro Brewery,https://www.facebook.com/asahibeer.japan,asahibeer_jp,http://www.asahibeer.com/,Japan,Sumida-ku,Tokyo,35.7098,139.8,"Wed, 15 Dec 2010 17:55:58 +0000",0,1,,,,49,3.06122,,0,139,110,0,,,,,,0.0,[],3.56186,False
0,4.6,"A smooth, premium  pale lager, Doss Blockos is an all natural lager brewed in the traditional lager way, but with an eye to style and providing malty flavour that balances a mild hop bitterness nicely.

At 4.6% ABV, Doss Blockos is a beer that is brewed for easy drinking, and has a sessionability that ensures the fresh crisp taste leaves you wanting to grab another",0,https://untappd.akamaized.net/site/beer_logos/beer-DossBlockosPaleLager_14883.jpeg,,Doss Blockos Pale Lager,east-9th-brewing-co-doss-blockos-pale-lager,Lager - Pale,14883,3899,https://untappd.akamaized.net/site/brewery_logos/brewery-3899_fa03b.jpeg,East 9th Brewing Co.,east-9th-brewing-co,Micro Brewery,https://www.facebook.com/dossblockos,DossBlockos,http://e9thbrewing.com,Australia,Melbourne,VIC,-37.856,144.983,"Wed, 15 Dec 2010 17:56:22 +0000",0,1,,,,3201,3.44213,,71,4347,3500,0,,,,,,0.0,[],3.46029,False
0,6.0,"Daniel Thiriez, who lives and brews in a charming old farmhouse amidst the rolling fields of France?s north country, is considered by many to be France?s best brewer.  Every year he makes a different ale to celebrate Christmas.",0,https://untappd.akamaized.net/site/beer_logos/beer-BiereDeNoel_14884.jpeg,,Bi?re De No?l (2010),brasserie-thiriez-biere-de-noel-2010,Winter Ale,14884,200,https://untappd.akamaized.net/site/brewery_logos/brewery-BrasserieThiriez_200.jpeg,Brasserie Thiriez,brasserie-thiriez,Micro Brewery,https://www.facebook.com/Brasserie-Thiriez-116499395075044/,,http://www.brasseriethiriez.com,France,Esquelbecq,Nord,50.885,2.4329,"Wed, 15 Dec 2010 18:02:38 +0000",0,0,,,,35,3.18571,,0,47,46,0,5.8,Bi?re de No?l,brasserie-thiriez-biere-de-noel,267174.0,52.0,,,3.58375,False
0,0.0,,0,https://untappd.akamaized.net/site/assets/images/temp/badge-beer-default.png,,Old Dillon Oatmeal Stout,dillon-dam-brewery-old-dillon-oatmeal-stout,Stout - Oatmeal,14885,450,https://untappd.akamaized.net/site/brewery_logos/brewery-DillonDamBrewery_450.jpeg,Dillon Dam Brewery,dillon-dam-brewery,Brew Pub,https://www.facebook.com/Dillon-Dam-Brewery-136833181819/,damgoodbeer,http://www.dambrewery.com/,United States,Dillon,CO,39.6282,-106.059,"Wed, 15 Dec 2010 18:30:58 +0000",0,1,,,,9,0.0,,0,14,14,0,,,,,,0.0,[],3.54554,False
0,5.0,"Cloudy, quirky, smooth and refreshing, this German styled wheat beer is one for all.

Bridge Road Brewers can trace its inspiration for this beer back to Europe, through its brewer, Ben Kraus, who cut his teeth brewing in Innsbruck, Austria.

Bridge Road Brewers have re-created a German style hefe-weizen that conjures memories of German bier halls, giant pretzels and busty bavarian girls in traditional dresses?. Well it does for the guys at Bridge Road, they?ve sourced the best ingredients from Germany to give you a great wheat beer here in oz. As for the giant pretzels? Well you?ll have to come to the brewery. Busty Bavarian girls? Sorry, can?t help you there. This non bitter beer style exhibits banana aromatics and clove like flavours, owing to a yeast sourced from Germany?s oldest brewery.",0,https://untappd.akamaized.net/site/beer_logos/beer-14886_20aef_sm.jpeg,https://untappd.akamaized.net/site/beer_logos_hd/beer-14886_7458d_hd.jpeg,Hefeweizen,bridge-road-brewers-hefeweizen,Hefeweizen,14886,3174,https://untappd.akamaized.net/site/brewery_logos/brewery-3174_296f5.jpeg,Bridge Road Brewers,bridge-road-brewers,Micro Brewery,https://www.facebook.com/BridgeRoadBrewers,NakedNed,http://www.bridgeroadbrewers.com.au,Australia,Beechworth,VIC,-36.3609,146.685,"Wed, 15 Dec 2010 18:41:13 +0000",0,1,,,,896,3.30971,,19,1406,1021,0,,,,,,0.0,[],3.39635,False
0,8.2,"Inspired by the exuberance of the Romani Gypsy culture, Telegraph Gypsy Ale celebrates the restless and adventurous spirit in all of us. We brew it with rye, unmalted wheat, and locally grown plums. Then we ferment it with Brettanomyces while listening to traditional Gypsy tunes. It's wild, it's unique, it's delicious. So go ahead, stray from that well-trodden ground you are following, grab a bottle, and dance along a crooked path. Opa!
",0,https://untappd.akamaized.net/site/beer_logos/beer-14887_c4c2d_sm.jpeg,https://untappd.akamaized.net/site/beer_logos_hd/beer-14887_0a3c4_hd.jpeg,Gypsy Ale,telegraph-brewing-company-gypsy-ale,Sour - Ale,14887,1604,https://untappd.akamaized.net/site/brewery_logos/brewery-1604_a8fc0.jpeg,Telegraph Brewing Company,telegraph-brewing-company,Micro Brewery,http://www.facebook.com/telegraphbrewing,telegraphbrew,http://www.telegraphbrewing.com/,United States,Santa Barbara,CA,34.4229,-119.688,"Wed, 15 Dec 2010 19:03:48 +0000",0,1,,,,615,4.00163,,6,787,696,0,,,,,,0.0,[],3.88535,False
0,4.6,,0,https://untappd.akamaized.net/site/beer_logos/beer-acadianpilsner_14889.jpeg,,Acadian Pilsener,acadian-brewing-company-acadian-pilsener,Pilsner - Other,14889,3901,https://untappd.akamaized.net/site/brewery_logos/brewery-AcadianBrewingCompany_3901.jpeg,Acadian Brewing Company,acadian-brewing-company,Micro Brewery,,,,United States,New Orleans,LA,29.9756,-90.0998,"Wed, 15 Dec 2010 19:11:43 +0000",0,0,,,,2,0.0,,0,7,7,0,,,,,,0.0,[],3.62131,False
0,4.5,"It?s Alive?s! Little brother. 

A Mikkeller session beer. Low in alcohol, dry, light, sour and refreshing.

Known as It?s Alright! in the USA.

Ingredients : Water, malt (pale and caramunich), light rock sugar, hops (hallertauer and styrian goldings), ale yeast and brettanomyces.",0,https://untappd.akamaized.net/site/beer_logos/beer-_6983_sm_e6f7557b4ecfc491bd0fc9304af68f.jpeg,,It?s Alight! (It's Alright!),mikkeller-it-s-alight-it-s-alright,Pale Ale - Belgian,6983,2813,https://untappd.akamaized.net/site/brewery_logos/brewery-2813_649c4.jpeg,Mikkeller,mikkeller,Micro Brewery,http://www.facebook.com/mikkeller,MikkellerBeer,http://www.mikkeller.dk,Denmark,Copenhagen,,55.6731,12.5589,"Sat, 30 Oct 2010 10:18:25 +0000",0,1,6983.0,"Thu, 01 Jan 1970 00:00:00 +0000",14890.0,2260,3.2979,,45,2771,2613,0,,,,,,0.0,[],3.33987,False
0,9.0,"Abbaye des Rocs (9% alcohol vol.) is a pure malt beer, with no added sugar. The entire range of tastes is directly linked to the double fermentation, the precise quantities of malts (7 types) as well as the mixtures of three kinds of hops (Belgian, German and Czech). Its colour is a striking deep and majestic red. Its taste is rich and full of subtlety. It is tasted like a red wine with which it shares the ruby colour without having the tannin. It develops a strong sweet smell. It confirms the initial impression in the first mouthful, with a sharp body that is balanced with a certain fruitiness. It frees itself on the palate and develops an impressive depth of taste. Some traces of burnt wood are detectable, but never scorched even if it contains this kind of malt. The foretaste is very prolonged because of its rich and unctuous development throughout the mouth. The bitter and sugar tendencies (even though there is no sugar in its composition) compete and come back together to the taster's great satisfaction. It is a deep, mystic and extremely mature beer to be classed among the great products of our soil. ",0,https://untappd.akamaized.net/site/beer_logos/beer-_14891_a64b24a3df4c028c4e8be9a2cdbd.jpeg,,Abbaye des Rocs Brune,brasserie-de-l-abbaye-des-rocs-abbaye-des-rocs-brune,Belgian Strong Dark Ale,14891,174,https://untappd.akamaized.net/site/brewery_logos/brewery-174_0bed8.jpeg,Brasserie de l'Abbaye des Rocs,brasserie-de-labbaye-des-rocs,Micro Brewery,,,http://www.abbaye-des-rocs.com,Belgium,Montignies-sur-Roc,Hainaut,50.3703,3.72647,"Wed, 15 Dec 2010 20:14:45 +0000",0,1,,,,5745,3.70261,,128,7090,6328,0,,,,,,5.0,"[{'beer': {'bid': 529994, 'beer_label': 'https://untappd.akamaized.net/site/beer_logos/beer-_14891_a64b24a3df4c028c4e8be9a2cdbd.jpeg', 'beer_slug': 'brasserie-de-l-abbaye-des-rocs-abbaye-des-rocs-brune-2003', 'beer_name': 'Abbaye des Rocs Brune (2003)', 'is_vintage': 1, 'is_variant': 0}}, {'beer': {'bid': 1161351, 'beer_label': 'https://untappd.akamaized.net/site/beer_logos/beer-_14891_a64b24a3df4c028c4e8be9a2cdbd.jpeg', 'beer_slug': 'brasserie-de-l-abbaye-des-rocs-abbaye-des-rocs-brune-2011', 'beer_name': 'Abbaye des Rocs Brune (2011)', 'is_vintage': 1, 'is_variant': 0}}, {'beer': {'bid': 1197140, 'beer_label': 'https://untappd.akamaized.net/site/beer_logos/beer-_14891_a64b24a3df4c028c4e8be9a2cdbd.jpeg', 'beer_slug': 'brasserie-de-l-abbaye-des-rocs-abbaye-des-rocs-brune-2010', 'beer_name': 'Abbaye des Rocs Brune (2010)', 'is_vintage': 1, 'is_variant': 0}}, {'beer': {'bid': 1334502, 'beer_label': 'https://untappd.akamaized.net/site/beer_logos/beer-_14891_a64b24a3df4c028c4e8be9a2cdbd.jpeg', 'beer_slug': 'brasserie-de-l-abbaye-des-rocs-abbaye-des-rocs-brune-2012', 'beer_name': 'Abbaye des Rocs Brune (2012)', 'is_vintage': 1, 'is_variant': 0}}, {'beer': {'bid': 1449161, 'beer_label': 'https://untappd.akamaized.net/site/beer_logos/beer-_14891_a64b24a3df4c028c4e8be9a2cdbd.jpeg', 'beer_slug': 'brasserie-de-l-abbaye-des-rocs-abbaye-des-rocs-brune-2013', 'beer_name': 'Abbaye des Rocs Brune (2013)', 'is_vintage': 1, 'is_variant': 0}}]",3.7,False
0,7.0,,0,https://untappd.akamaized.net/site/assets/images/temp/badge-beer-default.png,,Blue angel,gage-roads-brewing-co-blue-angel,Cider,14892,2608,https://untappd.akamaized.net/site/brewery_logos/brewery-2608_3878a.jpeg,Gage Roads Brewing Co ,gage-roads-brewing-co,Micro Brewery,http://www.facebook.com/gageroads,GageRoads,http://www.gageroads.com.au,Australia,Palmyra,WA,-32.0516,115.792,"Wed, 15 Dec 2010 21:19:25 +0000",0,0,,,,0,0.0,,0,1,1,0,,,,,,0.0,[],3.59537,False
0,5.0,,0,https://untappd.akamaized.net/site/beer_logos/beer-14893_3676b_sm.jpeg,https://untappd.akamaized.net/site/beer_logos_hd/beer-14893_4d6a0_hd.jpeg,Leo Beer,boon-rawd-brewery-leo-beer,Lager - Pale,14893,152,https://untappd.akamaized.net/site/brewery_logos/brewery-BoonRawdBrewery_152.jpeg,Boon Rawd Brewery,boon-rawd-brewery,Micro Brewery,https://www.facebook.com/SINGHAofficial,singhaclub,http://www.boonrawd.co.th/,Thailand,10300 Bangkok,,13.787,100.515,"Thu, 16 Dec 2010 00:16:23 +0000",0,1,,,,14857,2.73418,,563,22175,16817,0,,,,,,0.0,[],2.75262,False
0,4.5,"A richly flavoured deep copper coloured seasonal beer and Gold Medal Winner. A smooth long lasting finish with chocolate, toffee and nuts. Brewed using Pale, Crystal and Chocolate malt with Goldings, Fuggles and Northdown hops. Available in cask too. ABV may differ to bottle. ",0,https://untappd.akamaized.net/site/beer_logos/beer-273676_b5b3e_sm.jpeg,https://untappd.akamaized.net/site/beer_logos_hd/beer-273676_174c1_hd.jpeg,Red Nose Reinbeer,cotleigh-brewery-red-nose-reinbeer,Winter Ale,273676,3306,https://untappd.akamaized.net/site/brewery_logos/brewery-CotleighBreweryLtd_3306.jpeg,Cotleigh Brewery,cotleigh-brewery,Micro Brewery,http://www.facebook.com/pages/Cotleigh-Brewery/167885096595979,CotleighBrewery,http://www.cotleighbrewery.com/,England,Wiveliscombe,Somerset,51.0429,-3.3068,"Tue, 04 Dec 2012 19:33:19 +0000",0,1,273676.0,"Fri, 08 Feb 2013 21:08:59 +0000",14894.0,738,3.20359,,4,897,811,0,,,,,,0.0,[],3.33439,False
0,0.0,,0,https://untappd.akamaized.net/site/assets/images/temp/badge-beer-default.png,,Mulled Cornish Rattler,john-gandys-mulled-cornish-rattler,Cider,14895,3902,https://untappd.akamaized.net/site/assets/images/temp/badge-brewery-default.png,John Gandys,john-gandys,Micro Brewery,,,,United States,,,0.0,0.0,"Thu, 16 Dec 2010 00:53:49 +0000",0,1,,,,1,0.0,,0,5,3,0,,,,,,0.0,[],3.57953,False
0,0.0,,0,https://untappd.akamaized.net/site/assets/images/temp/badge-beer-default.png,,Spruce Moose Ale,tun-tavern-spruce-moose-ale,Winter Ale,14896,9525,https://untappd.akamaized.net/site/brewery_logos/brewery-TunTavern_9525_e21ff.jpeg,Tun Tavern,tun-tavern,Brew Pub,https://www.facebook.com/TunTavernBrewery,ACTunTavern,http://www.tuntavern.com/,United States,Atlantic City,NJ,39.3621,-74.4388,"Thu, 16 Dec 2010 02:49:47 +0000",0,1,,,,2,0.0,,0,5,4,0,,,,,,0.0,[],3.56383,False
0,3.7,,0,https://untappd.akamaized.net/site/assets/images/temp/badge-beer-default.png,,Buddie's Bitter,houston-buddie-s-bitter,English Bitter,14897,2244,https://untappd.akamaized.net/site/brewery_logos/brewery-2244_4b4aa.jpeg,Houston,houston,Micro Brewery,https://www.facebook.com/foxandhoundshouston,HoustonBrewery,http://www.houston-brewing.co.uk,Scotland,Houston,Renfrewshire,55.8299,-4.54284,"Thu, 16 Dec 2010 03:35:32 +0000",0,1,,,,3,0.0,,0,40,34,0,,,,,,0.0,[],3.54827,False
0,8.0,"The second Christmas porter from Mikkeller. A spiced porter with fine malt background and lovely hop aroma and flavor. The label is designed as a ?From To? card ? fill in the names and put the bottle under the Christmas tree. The perfect gift for the lazy man/woman?!
Ingredients : Water, malt (pale, smoked, cara-crystal, brown and chocolate), roasted barley, dark cassonade, hops (amarillo, saaz and cascade), spices (star anise, clove, cinnamon and coriander seeds) and yeast. ",0,https://untappd.akamaized.net/site/beer_logos/beer-FraTilFromTo_12909.jpeg,,Holiday Ale From To (Til Fra via Mikkeller),mikkeller-holiday-ale-from-to-til-fra-via-mikkeller,Porter - Imperial / Double,12909,2813,https://untappd.akamaized.net/site/brewery_logos/brewery-2813_649c4.jpeg,Mikkeller,mikkeller,Micro Brewery,http://www.facebook.com/mikkeller,MikkellerBeer,http://www.mikkeller.dk,Denmark,Copenhagen,,55.6731,12.5589,"Sun, 05 Dec 2010 06:05:23 +0000",0,1,12909.0,"Mon, 02 Sep 2013 11:45:26 +0000",14898.0,8338,3.77773,,64,10243,9219,0,,,,,,5.0,"[{'beer': {'bid': 883279, 'beer_label': 'https://untappd.akamaized.net/site/assets/images/temp/badge-beer-default.png', 'beer_slug': 'mikkeller-x-mas-porter-2008-til-fra-to-from', 'beer_name': 'X-mas Porter 2008 Til Fra (To From)', 'is_vintage': 1, 'is_variant': 0}}, {'beer': {'bid': 1279154, 'beer_label': 'https://untappd.akamaized.net/site/assets/images/temp/badge-beer-default.png', 'beer_slug': 'mikkeller-fra-til-via-2015', 'beer_name': 'Fra Til Via (2015)', 'is_vintage': 1, 'is_variant': 0}}, {'beer': {'bid': 1333769, 'beer_label': 'https://untappd.akamaized.net/site/assets/images/temp/badge-beer-default.png', 'beer_slug': 'mikkeller-to-from-via-2009', 'beer_name': 'To From Via (2009)', 'is_vintage': 1, 'is_variant': 0}}, {'beer': {'bid': 1804329, 'beer_label': 'https://untappd.akamaized.net/site/assets/images/temp/badge-beer-default.png', 'beer_slug': 'mikkeller-holiday-ale-from-to-til-fra-via-mikkeller-2016', 'beer_name': 'Holiday Ale From To (Til Fra via Mikkeller) (2016)', 'is_vintage': 1, 'is_variant': 1}}, {'beer': {'bid': 1811892, 'beer_label': 'https://untappd.akamaized.net/site/beer_logos/beer-1811892_09aad_sm.jpeg', 'beer_slug': 'mikkeller-to-from-via-2016', 'beer_name': 'To From Via (2016)', 'is_vintage': 1, 'is_variant': 0}}]",3.77326,False
0,3.8,"A golden bitter, it is easy drinking and well-balanced. The beer's fruitiness comes from the Fuggles and Goldings hops. Its gentle bitterness comes from Challenger hops and the rounded maltiness is from the Maris Otter malt.",0,https://untappd.akamaized.net/site/beer_logos/beer-jackpot_14899.jpeg,,Jackpot,hook-norton-brewery-jackpot,English Bitter,14899,670,https://untappd.akamaized.net/site/brewery_logos/brewery-670_7baca.jpeg,Hook Norton Brewery,hook-norton-brewery,Micro Brewery,http://www.facebook.com/pages/Hook-Norton-Brewery/38571223159?ref=ts,hookybrewery,https://www.hooky.co.uk/,England,Hook Norton,Oxfordshire,51.9966,-1.49235,"Thu, 16 Dec 2010 04:02:17 +0000",0,1,,,,10,3.725,,0,18,18,0,,,,,,0.0,[],3.65001,False
0,7.5,Thin needs more malt backbone,0,https://untappd.akamaized.net/site/assets/images/temp/badge-beer-default.png,,Decimator Dopplebock,ellicott-mills-brewing-decimator-dopplebock,Doppelbock ,14900,493,https://untappd.akamaized.net/site/brewery_logos/brewery-EllicottMillsBrewing_493.jpeg,Ellicott Mills Brewing,ellicott-mills-brewing,Micro Brewery,,,http://www.ellicottmillsbrewing.com/,United States,Ellicott City,MD,39.2681,-76.7997,"Thu, 16 Dec 2010 04:39:14 +0000",0,1,,,,118,3.47669,,0,140,132,0,,,,,,0.0,[],3.59765,False
0,8.0,,0,https://untappd.akamaized.net/site/beer_logos/beer-FraViaTilFromViaTo_14898.jpeg,,Holiday Ale Fra Via Til (From Via To),mikkeller-holiday-ale-fra-via-til-from-via-to,Porter - Imperial / Double,14898,2813,https://untappd.akamaized.net/site/brewery_logos/brewery-2813_649c4.jpeg,Mikkeller,mikkeller,Micro Brewery,http://www.facebook.com/mikkeller,MikkellerBeer,http://www.mikkeller.dk,Denmark,Copenhagen,,55.6731,12.5589,"Thu, 16 Dec 2010 03:57:08 +0000",0,1,14898.0,"Thu, 01 Jan 1970 00:00:00 +0000",14901.0,0,0.0,True,0,0,0,0,,,,,,0.0,[],0.0,False
0,0.0,Named after the effect mango has on George's libido and referencing the tropical fruit hoppiness in the beer.,0,https://untappd.akamaized.net/site/assets/images/temp/badge-beer-default.png,,I Think It Moved,ken-hunnemeder-i-think-it-moved,IPA - Imperial / Double,14902,3904,https://untappd.akamaized.net/site/assets/images/temp/badge-brewery-default.png,Ken Hunnemeder,ken-hunnemeder,Home Brewery,,,,United States,,,0.0,0.0,"Thu, 16 Dec 2010 04:47:59 +0000",1,1,,,,0,0.0,,0,9,7,0,,,,,,0.0,[],3.786,False
0,8.0,,34,https://untappd.akamaized.net/site/assets/images/temp/badge-beer-default.png,,Olde St. Matthews Ale,bluegrass-brewing-company-olde-st-matthews-ale,Old Ale,14903,2403,https://untappd.akamaized.net/site/brewery_logos/brewery-BluegrassBrewingCo_2403.jpeg,Bluegrass Brewing Company,bluegrass-brewing-company,Micro Brewery,https://www.facebook.com/#!/pages/Bluegrass-Brewing-Company-Restaurant-Brew-Pub-Brewpub-Brewery/98453561132,BBCBrewStMatts,http://www.bbcbrew.com,United States,St. Matthews,KY,38.253,-85.654,"Thu, 16 Dec 2010 06:03:44 +0000",0,1,,,,23,3.63043,,0,28,28,0,,,,,,0.0,[],3.6147,False
0,11.0,,0,https://untappd.akamaized.net/site/assets/images/temp/badge-beer-default.png,,Cherry Inyouendo,bluegrass-brewing-company-cherry-inyouendo,Stout - American Imperial / Double,14904,2403,https://untappd.akamaized.net/site/brewery_logos/brewery-BluegrassBrewingCo_2403.jpeg,Bluegrass Brewing Company,bluegrass-brewing-company,Micro Brewery,https://www.facebook.com/#!/pages/Bluegrass-Brewing-Company-Restaurant-Brew-Pub-Brewpub-Brewery/98453561132,BBCBrewStMatts,http://www.bbcbrew.com,United States,St. Matthews,KY,38.253,-85.654,"Thu, 16 Dec 2010 06:09:36 +0000",0,1,,,,2,0.0,,0,5,5,0,,,,,,0.0,[],3.57273,False
0,6.0,"Bock beers gained notoriety in Munich back in 1612. All the Bavarian nobles were drinking fashionable northern ales known as Einbeck Bier. So Duke Maximillian I of Munich hired his own northern brewmaster, who created a lager similar in character but superior in taste. It won back the local aristocrats. Inspired by his entrepreneurial spirit we started brewing our own urBock ? rich, ruby-hued beer with subtle, dark roasted flavours. It?s an aristocratic beer but rest assured, you needn?t be a Duke to enjoy it.",28,https://untappd.akamaized.net/site/beer_logos/beer-urBock_14905.jpeg,,urBock,creemore-springs-urbock,Bock,14905,1479,https://untappd.akamaized.net/site/brewery_logos/brewery-CreemoreSprings_1479.jpeg,Creemore Springs,creemore-springs,Micro Brewery,https://www.facebook.com/creemoresprings,CreemoreSprings,http://www.creemoresprings.com,Canada,Creemore,ON,44.3253,-80.1058,"Thu, 16 Dec 2010 06:09:42 +0000",0,1,,,,3073,3.52123,,85,4550,3399,0,,,,,,0.0,[],3.53294,False
0,5.3,"Pilsner was first made back in 1842 by the Bohemians. They used special pale malt and an abundance of hops to create a delicious, golden beer. Up here at Creemore Springs we fire-brew our pilsner the same traditional way, using only four natural ingredients starting with our own clear flowing spring water. It?s eminently drinkable, and always refreshing. Classic yet unique; it?s our fresh take on a traditional Czech pilsner.",26,https://untappd.akamaized.net/site/beer_logos/beer-TraditionalPilsner_14906.jpeg,,Traditional Pilsner,creemore-springs-traditional-pilsner,Pilsner - Czech,14906,1479,https://untappd.akamaized.net/site/brewery_logos/brewery-CreemoreSprings_1479.jpeg,Creemore Springs,creemore-springs,Micro Brewery,https://www.facebook.com/creemoresprings,CreemoreSprings,http://www.creemoresprings.com,Canada,Creemore,ON,44.3253,-80.1058,"Thu, 16 Dec 2010 06:12:40 +0000",0,1,,,,2760,3.29674,,8,4208,3153,0,,,,,,0.0,[],3.33198,False
0,4.7,,0,https://untappd.akamaized.net/site/beer_logos/beer-_14907_sm_d5d3727dbad493ac1370d712b615f5.jpeg,https://untappd.akamaized.net/site/beer_logos_hd/beer-_14907_hd_212bc9e5ef5fd4ab89182ac031d1ee.jpeg,Atlas Blizzard,orkney-brewery-sinclair-breweries-atlas-blizzard,Winter Ale,14907,953,https://untappd.akamaized.net/site/brewery_logos/brewery-OrkneyBrewery_953.jpeg,Orkney Brewery,orkney-brewery,Micro Brewery,https://www.facebook.com/groups/71130369684,OrkneyBrewery,http://www.sinclairbreweries.co.uk,Scotland,Stromness,Orkney Islands,59.0698,-3.314,"Thu, 16 Dec 2010 06:14:33 +0000",0,1,,,,108,3.28935,,0,131,123,0,,,,,,0.0,[],3.55395,False
0,8.5,"Saison-Brett, based on our very popular Tank 7, is assertively dry hopped, then bottle conditioned with various yeasts, including Brettanomyces, a wild strain that imparts a distinctive earthy quality. Though this farmhouse ale was given three months of bottle age prior to release, further cellaring will continue to enhance the ?Brett? character, if that's what you're after.",38,https://untappd.akamaized.net/site/beer_logos/beer-15178_0aa0e_sm.jpeg,https://untappd.akamaized.net/site/beer_logos_hd/beer-15178_61a30_hd.jpeg,Saison Brett,boulevard-brewing-co-saison-brett,Saison / Farmhouse Ale,15178,1514,https://untappd.akamaized.net/site/brewery_logos/brewery-1514_2003e.jpeg,Boulevard Brewing Co.,boulevard-brewing-co,Micro Brewery,http://www.facebook.com/Boulevard,Boulevard_Beer,http://www.boulevard.com/,United States,Kansas City,MO,39.0812,-94.5954,"Fri, 17 Dec 2010 13:31:59 +0000",0,1,15178.0,"Thu, 01 Jan 1970 00:00:00 +0000",14908.0,13438,3.91159,,215,17107,15556,0,,,,,,5.0,"[{'beer': {'bid': 55095, 'beer_label': 'https://untappd.akamaized.net/site/beer_logos/beer-_55095_sm_08e74d26d8445257cf62fb0ac0ee2c.jpeg', 'beer_slug': 'boulevard-brewing-co-saison-brett-2011', 'beer_name': 'Saison-Brett (2011)', 'is_vintage': 1, 'is_variant': 0}}, {'beer': {'bid': 55872, 'beer_label': 'https://untappd.akamaized.net/site/beer_logos/beer-_55872_sm_596eadd3bab7c470e5ab880a1763a0.jpeg', 'beer_slug': 'boulevard-brewing-co-saison-brett-2009', 'beer_name': 'Saison-Brett (2009)', 'is_vintage': 1, 'is_variant': 0}}, {'beer': {'bid': 68119, 'beer_label': 'https://untappd.akamaized.net/site/beer_logos/beer-_68119_sm_bbc8b8f60da4aa868c245296268bee.jpeg', 'beer_slug': 'boulevard-brewing-co-saison-brett-2008', 'beer_name': 'Saison-Brett (2008)', 'is_vintage': 1, 'is_variant': 0}}, {'beer': {'bid': 174195, 'beer_label': 'https://untappd.akamaized.net/site/beer_logos/beer-_174195_sm_4f93bcd402b5f4d257692e5007fc12.jpeg', 'beer_slug': 'boulevard-brewing-co-saison-brett-2012', 'beer_name': 'Saison-Brett (2012)', 'is_vintage': 1, 'is_variant': 0}}, {'beer': {'bid': 188078, 'beer_label': 'https://untappd.akamaized.net/site/beer_logos/beer-_188078_sm_d384cd596d31b8470c63b7c1bbc90a.jpeg', 'beer_slug': 'boulevard-brewing-co-saison-brett-2010', 'beer_name': 'Saison-Brett (2010)', 'is_vintage': 1, 'is_variant': 0}}]",3.90581,False
0,5.5,"This rich mahogany porter blends seven different malts to produce flavors of chocolate and walnuts, and it has subtle fruity notes that almost remind you of a chocolate covered cherry. A moderate bitterness balances the roasted malt, and a dry finish carries through to the end.",33,https://untappd.akamaized.net/site/beer_logos/beer-14909_38e55_sm.jpeg,,Profanity Hill Porter,schooner-exact-brewing-company-profanity-hill-porter,Porter - Other,14909,3940,https://untappd.akamaized.net/site/brewery_logos/brewery-3940_a12e4.jpeg,Schooner Exact Brewing Company,schooner-exact-brewing-company,Micro Brewery,https://www.facebook.com/pages/Schooner-Exact-Brewing-Co/31681449569,schoonerexact,http://www.schoonerexact.com,United States,Seattle,WA,47.5686,-122.334,"Thu, 16 Dec 2010 06:24:42 +0000",0,1,,,,3635,3.55598,,44,4833,4032,0,,,,,,0.0,[],3.56333,False
0,4.7,,0,https://untappd.akamaized.net/site/beer_logos/beer-_28822_b925e92403758f07b0dcfe791ae0.jpeg,,Red Ale,foothills-brewing-red-ale,Red Ale - Irish,28822,543,https://untappd.akamaized.net/site/brewery_logos/brewery-FoothillsBrewing_543.jpeg,Foothills Brewing,foothills-brewing,Micro Brewery,http://www.facebook.com/foothills.brewing,FoothillsBeer,http://www.foothillsbrewing.com/,United States,Winston-Salem,NC,36.0973,-80.2509,"Sat, 05 Feb 2011 22:24:06 +0000",0,0,28822.0,"Mon, 05 Dec 2016 19:24:47 +0000",14910.0,896,3.34682,,0,1326,1118,0,,,,,,0.0,[],3.42398,False
0,11.0,,0,https://untappd.akamaized.net/site/assets/images/temp/badge-beer-default.png,,Salad Barleywine,bluegrass-brewing-company-salad-barleywine,Barleywine - American,46856,2403,https://untappd.akamaized.net/site/brewery_logos/brewery-BluegrassBrewingCo_2403.jpeg,Bluegrass Brewing Company,bluegrass-brewing-company,Micro Brewery,https://www.facebook.com/#!/pages/Bluegrass-Brewing-Company-Restaurant-Brew-Pub-Brewpub-Brewery/98453561132,BBCBrewStMatts,http://www.bbcbrew.com,United States,St. Matthews,KY,38.253,-85.654,"Thu, 28 Apr 2011 18:53:28 +0000",0,1,46856.0,"Thu, 01 Jan 1970 00:00:00 +0000",14911.0,2,0.0,,0,5,5,0,,,,,,0.0,[],3.57273,False
0,0.0,,0,https://untappd.akamaized.net/site/beer_logos/beer-14912_e953b_sm.jpeg,https://untappd.akamaized.net/site/beer_logos_hd/beer-14912_a4376_hd.jpeg,Draft Horse Black Saison,natty-greene-s-brewing-co-draft-horse-black-saison,Saison / Farmhouse Ale,14912,2010,https://untappd.akamaized.net/site/brewery_logos/brewery-2010_f40c3.jpeg,Natty Greene's Brewing Co.,natty-greene-s-brewing-co,Micro Brewery,http://facebook.com/nattygreenes,Natty_Greenes,http://nattygreenes.com,United States,greensboro,NC,36.0686,-79.7903,"Thu, 16 Dec 2010 06:45:27 +0000",0,1,,,,2,0.0,,1,17,15,0,,,,,,0.0,[],3.62688,False
0,5.9,5.9%,0,https://untappd.akamaized.net/site/assets/images/temp/badge-beer-default.png,,Punt Gun,fox-brewery-punt-gun,Old Ale,14913,3873,https://untappd.akamaized.net/site/brewery_logos/brewery-3873_12939.jpeg,Fox Brewery,fox-brewery,Micro Brewery,,,http://www.foxbrewery.co.uk/,England,Heacham,"Norfolk, PE31 7EX",52.9098,0.491153,"Thu, 16 Dec 2010 06:46:28 +0000",0,1,,,,15,3.86667,,0,19,19,0,,,,,,0.0,[],3.6607,False
0,3.9,"This dry session bitter has a light malt base carrying a wonderful display of New Zealand hops, notes of citrus and grapefruit. Brewed to have plenty of character for an everyday bitter.
",0,https://untappd.akamaized.net/site/beer_logos/beer-14914_3d6bf_sm.jpeg,https://untappd.akamaized.net/site/beer_logos_hd/beer-14914_2bde9_hd.jpeg,Pint,marble-beers-pint,English Bitter,14914,2456,https://untappd.akamaized.net/site/brewery_logos/brewery-Marble_2456.jpeg,Marble Beers,marble-beers,Micro Brewery,http://www.facebook.com/group.php?gid=2468167027,marblebrewers,http://www.marblebeers.co.uk,England,Manchester,Greater Manchester,53.4902,-2.23461,"Thu, 16 Dec 2010 06:57:36 +0000",0,1,,,,2741,3.582,,245,4576,3029,0,,,,,,0.0,[],3.58889,False
0,6.5,"Released on the 4th of July, Freedom is our all-American IPA. Big and bold, it?s all about the hops. ",81,https://untappd.akamaized.net/site/beer_logos/beer-14915_46c31_sm.jpeg,https://untappd.akamaized.net/site/beer_logos_hd/beer-14915_004bf_hd.jpeg,Freedom American IPA,natty-greene-s-brewing-co-freedom-american-ipa,IPA - American,14915,2010,https://untappd.akamaized.net/site/brewery_logos/brewery-2010_f40c3.jpeg,Natty Greene's Brewing Co.,natty-greene-s-brewing-co,Micro Brewery,http://facebook.com/nattygreenes,Natty_Greenes,http://nattygreenes.com,United States,greensboro,NC,36.0686,-79.7903,"Thu, 16 Dec 2010 07:15:19 +0000",0,1,,,,8164,3.4898,,31,12139,9330,0,,,,,,0.0,[],3.4956,False
0,5.4,,40,https://untappd.akamaized.net/site/assets/images/temp/badge-beer-default.png,,Brown's Point ESB,harmon-brewing-company-brown-s-point-esb,Extra Special / Strong Bitter,15060,633,https://untappd.akamaized.net/site/brewery_logos/brewery-633_02fbb.jpeg,Harmon Brewing Company,harmon-brewing-company,Micro Brewery,https://www.facebook.com/HarmonBrewery,harmonbrewingco,http://harmonbrewingco.com,United States,Tacoma,WA,47.2436,-122.437,"Fri, 17 Dec 2010 03:00:08 +0000",0,1,15060.0,"Wed, 28 Mar 2012 04:57:09 +0000",14916.0,523,3.40344,,0,788,624,0,,,,,,0.0,[],3.48517,False
0,4.0,"All singing, all dancing Christmas bitter! Deep amber in colour with a subtle sweetness throughout ? easy drinking with a festive hoppy finish!",0,https://untappd.akamaized.net/site/beer_logos/beer-14917_2c14f_sm.jpeg,https://untappd.akamaized.net/site/beer_logos_hd/beer-14917_799f1_hd.jpeg,Jingle Ale,bays-brewery-jingle-ale,Winter Ale,14917,2485,https://untappd.akamaized.net/site/brewery_logos/brewery-2485_78617.jpeg,Bays Brewery,bays-brewery,Micro Brewery,https://www.facebook.com/Baysbrewery,baysbrewery,http://baysbrewery.co.uk/,England,Paignton,"Devon,  TQ4 7QR",50.4237,-3.59732,"Thu, 16 Dec 2010 07:25:33 +0000",0,1,,,,93,3.42742,,0,124,102,0,,,,,,0.0,[],3.59821,False
0,5.9,"Spicy and Bold, a big Christmas cookie of a beer.
Samuel Adams? Old Fezziwig? Ale is the Christmas cookie of beer. Bursting with spices of the season and a remarkably full body, it helps those long winter nights pass much quicker. The full body hits the palate first with a depth of malt character ranging from sweeter toffee and caramel notes to the more dark, roasty chocolate notes. Then come the spices in full force. Cinnamon, ginger and orange peel dance on the tongue bringing with them the celebratory spirit that goes hand in hand with the season.",25,https://untappd.akamaized.net/site/beer_logos/beer-SamuelAdamsOldFezziwigAle_4050.jpeg,,Samuel Adams Old Fezziwig Ale,boston-beer-company-samuel-adams-old-fezziwig-ale,Winter Ale,4050,157,https://untappd.akamaized.net/site/brewery_logos/brewery-157_6a2d2.jpeg,Boston Beer Company,boston-beer-company,Micro Brewery,https://www.facebook.com/SamuelAdams,SamuelAdamsBeer,http://www.samueladams.com,United States,Boston,MA,42.3144,-71.1034,"Sat, 21 Aug 2010 09:26:35 +0000",0,1,4050.0,"Thu, 01 Jan 1970 00:00:00 +0000",14918.0,73863,3.37672,,272,115992,84614,0,,,,,,0.0,[],3.37785,False
0,0.0,,0,https://untappd.akamaized.net/site/assets/images/temp/badge-beer-default.png,,5809 hop,beerdownload-5809-hop,Golden Ale,14919,3737,https://untappd.akamaized.net/site/assets/images/temp/badge-brewery-default.png,BeerDownload,beerdownload,Home Brewery,,,,United States,,,0.0,0.0,"Thu, 16 Dec 2010 07:31:44 +0000",1,1,,,,0,0.0,,0,7,3,0,,,,,,0.0,[],3.786,False
0,0.0,,0,https://untappd.akamaized.net/site/assets/images/temp/badge-beer-default.png,,Partridge in a Pear Tree,george-wright-brewing-co-partridge-in-a-pear-tree,English Ale (Decommissioned),14920,3907,https://untappd.akamaized.net/site/brewery_logos/brewery-GeorgeWrightBrewingCo_3907.jpeg,George Wright Brewing Company,george-wright-brewing-company,Micro Brewery,http://www.facebook.com/pages/George-Wright-Brewery/136814803031008,,http://www.georgewrightbrewing.co.uk/,England,"Rainford, St.Helens, Merseyside WA11 8LY",UK,53.492,-2.77072,"Thu, 16 Dec 2010 07:32:34 +0000",0,1,,,,3,0.0,,0,10,4,0,,,,,,0.0,[],3.56996,False
0,0.0,,0,https://untappd.akamaized.net/site/beer_logos/beer-BombayBomberIPA_14921.jpeg,,Bombay Bomber IPA,steelhead-brewing-co-bombay-bomber-ipa,IPA - American,14921,2530,https://untappd.akamaized.net/site/brewery_logos/brewery-SteelheadBrewingCo_2530.jpeg,Steelhead Brewing Co.,steelhead-brewing-co,Micro Brewery,https://www.facebook.com/SteelheadBrewingCoBurlingame/,SteelheadBrewCA,http://www.steelheadbrewery.com/burlingame,United States,Burlingame,CA,37.58,-122.346,"Thu, 16 Dec 2010 07:32:48 +0000",0,1,,,,1046,3.50406,,10,1362,1195,0,,,,,,0.0,[],3.53729,False
0,5.5,,0,https://untappd.akamaized.net/site/assets/images/temp/badge-beer-default.png,,Shotgun Shack Black Rye,intuition-ale-works-shotgun-shack-black-rye,Rye Beer,161062,1790,https://untappd.akamaized.net/site/brewery_logos/brewery-IntuitionAleWorks_1790.jpeg,Intuition Ale Works,intuition-ale-works,Micro Brewery,http://www.facebook.com/#!/IntuitionAle,intuitionale,http://www.intuitionale.com,United States,Jacksonville,Fl,30.3178,-81.697,"Wed, 18 Apr 2012 21:17:01 +0000",0,1,161062.0,"Thu, 19 Apr 2012 23:22:10 +0000",14922.0,595,3.66555,,0,924,681,0,,,,,,0.0,[],3.66034,False
0,8.8,,0,https://untappd.akamaized.net/site/assets/images/temp/badge-beer-default.png,,Double Play IPA,steelhead-brewing-co-double-play-ipa,IPA - Imperial / Double,14923,2530,https://untappd.akamaized.net/site/brewery_logos/brewery-SteelheadBrewingCo_2530.jpeg,Steelhead Brewing Co.,steelhead-brewing-co,Micro Brewery,https://www.facebook.com/SteelheadBrewingCoBurlingame/,SteelheadBrewCA,http://www.steelheadbrewery.com/burlingame,United States,Burlingame,CA,37.58,-122.346,"Thu, 16 Dec 2010 07:54:55 +0000",0,1,,,,915,3.58716,,12,1149,1029,0,,,,,,0.0,[],3.60309,False
0,0.0,,0,https://untappd.akamaized.net/site/assets/images/temp/badge-beer-default.png,,First Date Imperial Stout,steelhead-brewing-co-first-date-imperial-stout,Stout - American Imperial / Double,95951,2530,https://untappd.akamaized.net/site/brewery_logos/brewery-SteelheadBrewingCo_2530.jpeg,Steelhead Brewing Co.,steelhead-brewing-co,Micro Brewery,https://www.facebook.com/SteelheadBrewingCoBurlingame/,SteelheadBrewCA,http://www.steelheadbrewery.com/burlingame,United States,Burlingame,CA,37.58,-122.346,"Sat, 05 Nov 2011 17:14:48 +0000",0,1,95951.0,"Tue, 15 Nov 2011 04:18:29 +0000",14924.0,22,3.69318,,0,29,25,0,,,,,,0.0,[],3.61871,False
0,11.2,"Kopi Luwak or Civet coffee is the most expensive coffee in the world. The high price is not because of the rareness of the coffee berries themselves but because of the special production process. The coffee berries are eaten by the Luwak - a civet cat. The beans however can not be digested by the Luwak and therefor can be found in their pooh. The beans are washed and slightly roasted. This whole process of eating, pooh, find the pooh and treat the berries is very time consuming. This is of course reflected in the price of the coffee. Real coffee connoisseurs highly appreciate this coffee. And what does Brouwerij de Molen do with it? We use it in our own production process of brewing beer. Our Kopi Loewak is an Imperial Stout with incredible coffee flavours. Roasted and bitter like an espresso. ",85,https://untappd.akamaized.net/site/beer_logos/beer-KopiLoewakCoffeeStout_14925.jpeg,,Kopi Loewak,brouwerij-de-molen-kopi-loewak,Stout - American Imperial / Double,14925,3367,https://untappd.akamaized.net/site/brewery_logos/brewery-3367_c1d5d.jpeg,Brouwerij De Molen,brouwerij-de-molen,Micro Brewery,http://www.facebook.com/BierbrouwerijDeMolen,molenbier,http://www.brouwerijdemolen.nl,Netherlands,Bodegraven,Zuid Holland,52.0857,4.74211,"Thu, 16 Dec 2010 08:08:23 +0000",0,0,,,,2343,4.03553,,13,2926,2649,0,,,,,,4.0,"[{'beer': {'bid': 354646, 'beer_label': 'https://untappd.akamaized.net/site/beer_logos/beer-KopiLoewakCoffeeStout_14925.jpeg', 'beer_slug': 'brouwerij-de-molen-kopi-loewak-2009', 'beer_name': 'Kopi Loewak (2009)', 'is_vintage': 1, 'is_variant': 0}}, {'beer': {'bid': 593220, 'beer_label': 'https://untappd.akamaized.net/site/beer_logos/beer-KopiLoewakCoffeeStout_14925.jpeg', 'beer_slug': 'brouwerij-de-molen-kopi-loewak-2012', 'beer_name': 'Kopi Loewak (2012)', 'is_vintage': 1, 'is_variant': 0}}, {'beer': {'bid': 1109625, 'beer_label': 'https://untappd.akamaized.net/site/beer_logos/beer-KopiLoewakCoffeeStout_14925.jpeg', 'beer_slug': 'brouwerij-de-molen-kopi-loewak-2013', 'beer_name': 'Kopi Loewak (2013)', 'is_vintage': 1, 'is_variant': 0}}, {'beer': {'bid': 1434288, 'beer_label': 'https://untappd.akamaized.net/site/beer_logos/beer-KopiLoewakCoffeeStout_14925.jpeg', 'beer_slug': 'brouwerij-de-molen-kopi-loewak-2011', 'beer_name': 'Kopi Loewak (2011)', 'is_vintage': 1, 'is_variant': 0}}]",3.99123,False
0,4.0,"This pure-bred blonde beer is a thrill to the senses. It has a clean, sharp, fresh, fruity, hop taste with a hint of citrus.",0,https://untappd.akamaized.net/site/beer_logos/beer-14926_88692_sm.jpeg,https://untappd.akamaized.net/site/beer_logos_hd/beer-14926_263b1_hd.jpeg,Lomond Gold,blackwolf-lomond-gold,Blonde Ale,14926,3375,https://untappd.akamaized.net/site/brewery_logos/brewery-3375_90259.jpeg,Blackwolf Brewery,blackwolf-brewery,Micro Brewery,https://www.facebook.com/pages/Black-Wolf-Beers/596942577039273,BlackWolfBeers,http://www.blackwolfbrewery.com,Scotland,Throsk,"Stirling, FK7 7NP",56.1031,-3.84613,"Thu, 16 Dec 2010 08:08:55 +0000",0,1,,,,966,3.32842,,10,1259,1053,0,,,,,,0.0,[],3.4058,False
0,4.8,"Our authentic brewing technique, using only the finest imported Dark Munich Malt and Noble German Hops, gives this beer ""true to style"" aroma and flavour. This deliciously dark lager is red-brown in colour, with a thick tan coloured head and a rich, full palate. It delivers a complex yet clean bready taste with a hint of toasted chocolate, and leaves elegant lace lines to the bottom of the glass.",0,https://untappd.akamaized.net/site/beer_logos/beer-14927_a4ee7_sm.jpeg,https://untappd.akamaized.net/site/beer_logos_hd/beer-14927_6bd18_hd.jpeg,Dark Horse Lager,thornbury-village-cidery-and-brewery-dark-horse-lager,Lager - Dunkel Munich,14927,10936,https://untappd.akamaized.net/site/brewery_logos/brewery-10936_537db.jpeg,Thornbury Village Cidery & Brewery,thornbury-village-cidery-brewery,Micro Brewery,https://www.facebook.com/thornburyvillage/,ThornburyCider,http://thornbury.co,Canada,Thornbury,ON,44.5595,-80.4459,"Thu, 16 Dec 2010 08:12:35 +0000",0,1,,,,1079,3.24907,,18,1420,1228,0,,,,,,0.0,[],3.33762,False
0,5.1,"Black Bear Stout is our take on a classic stout.  It is pitch black and has a full, roasty and chocolatey flavor.  This beer is of average strength and is endlessly drinkable. This beer pairs great with chilli or a burger at your local pub!",40,https://untappd.akamaized.net/site/assets/images/temp/badge-beer-default.png,,Black Bear Stout,black-bear-brewery-black-bear-stout,Stout - Other,14928,3496,https://untappd.akamaized.net/site/brewery_logos/brewery-3496_b4204.jpeg,Black Bear Brewery,black-bear-brewery,Micro Brewery,https://www.facebook.com/blackbearmicrobrew/,blackbearbrew,http://www.blackbearmicrobrew.com/,United States,Orono,ME,44.8831,-68.6713,"Thu, 16 Dec 2010 08:14:17 +0000",0,1,,,,160,3.74062,,0,206,176,0,,,,,,0.0,[],3.67946,False
0,9.7,"Lagunitas Brewing Company
Originally a failed attempt at a 1997 batch of Olde GnarlyWine Ale resulting in an all-new-beer-style we like to call?Irresponsible.",51,https://untappd.akamaized.net/site/beer_logos/beer-4740_f4ee9_sm.jpeg,https://untappd.akamaized.net/site/beer_logos_hd/beer-4740_87c0d_hd.jpeg,Brown Shugga',lagunitas-brewing-company-brown-shugga,Strong Ale - American,4740,765,https://untappd.akamaized.net/site/brewery_logos/brewery-765_b53eb.jpeg,Lagunitas Brewing Company,lagunitas-brewing-company,Micro Brewery,https://www.facebook.com/LagunitasBrewingCo,lagunitasbeer,http://www.LAGUNITAS.com/,United States,Petaluma,CA,38.2724,-122.662,"Sat, 21 Aug 2010 09:26:35 +0000",0,1,4740.0,"Thu, 01 Jan 1970 00:00:00 +0000",14929.0,129075,3.78288,,1227,205394,143192,0,,,,,,5.0,"[{'beer': {'bid': 94059, 'beer_label': 'https://untappd.akamaized.net/site/beer_logos/beer-BrownShugga2008_94059.jpeg', 'beer_slug': 'lagunitas-brewing-company-brown-shugga-2008', 'beer_name': ""Brown Shugga' (2008)"", 'is_vintage': 1, 'is_variant': 0}}, {'beer': {'bid': 99050, 'beer_label': 'https://untappd.akamaized.net/site/beer_logos/beer-brownshugga2001_99050.jpeg', 'beer_slug': 'lagunitas-brewing-company-brown-shugga-2001', 'beer_name': ""Brown Shugga' (2001)"", 'is_vintage': 1, 'is_variant': 0}}, {'beer': {'bid': 106906, 'beer_label': 'https://untappd.akamaized.net/site/beer_logos/beer-BrownShugga2010_106906.jpeg', 'beer_slug': 'lagunitas-brewing-company-brown-shugga-2010', 'beer_name': ""Brown Shugga' (2010)"", 'is_vintage': 1, 'is_variant': 0}}, {'beer': {'bid': 109250, 'beer_label': 'https://untappd.akamaized.net/site/beer_logos/beer-BrownShugga2007_109250.jpeg', 'beer_slug': 'lagunitas-brewing-company-brown-shugga-2007', 'beer_name': ""Brown Shugga' (2007)"", 'is_vintage': 1, 'is_variant': 0}}, {'beer': {'bid': 119476, 'beer_label': 'https://untappd.akamaized.net/site/beer_logos/beer-BrownSugga2009_119476.jpeg', 'beer_slug': 'lagunitas-brewing-company-brown-shugga-2009', 'beer_name': ""Brown Shugga' (2009)"", 'is_vintage': 1, 'is_variant': 0}}]",3.78257,False
0,8.5,"A traditional English style strong ale that's mahogany-red in color with a strong body and a mild hop and bold malty character and discreet holiday spice notes. Brewed in honor of Clement Clarke Moore?s ?A Visit From St. Nicholas? which was first published in the Troy, NY Sentinel on December 23, 1823. More popularly known as ?Twas the Night Before Christmas? the tale originally featured reindeer ?Dunder? and ?Blixem? (Dutch for Thunder and Lightening) before later tellings of the fable spoke of Donner and Blitzen. ",0,https://untappd.akamaized.net/site/beer_logos/beer-DunderBlixemStrongAle_16165.jpeg,,Dunder & Blixem Strong Ale,brown-s-brewing-company-dunder-and-blixem-strong-ale,Winter Warmer,16165,4203,https://untappd.akamaized.net/site/brewery_logos/brewery-4203_15904.jpeg,Brown's Brewing Company,brown-s-brewing-company,Micro Brewery,https://www.facebook.com/brownsbrewingcompany/,brownsbrewingco,http://brownsbrewing.com,United States,Troy,NY,42.7359,-73.6881,"Wed, 22 Dec 2010 15:23:09 +0000",0,1,16165.0,"Fri, 09 Dec 2011 20:25:09 +0000",14930.0,274,3.71989,,1,375,324,0,,,,,,0.0,[],3.68354,False
0,8.0,,0,https://untappd.akamaized.net/site/beer_logos/beer-1901RedAle_14931.jpeg,,1901 Red Ale,bold-city-brewery-1901-red-ale,Red Ale - American Amber / Red,14931,1471,https://untappd.akamaized.net/site/brewery_logos/brewery-BoldCityBrewery_1471.jpeg,Bold City Brewery,bold-city-brewery,Micro Brewery,www.facebook.com/pages/Bold-City-Brewery/54391921191,boldcitybrewery,http://www.boldcitybrewery.com,United States,Jacksonville,FL,30.319,-81.6953,"Thu, 16 Dec 2010 08:41:28 +0000",0,1,,,,2237,3.64215,,56,3412,2551,0,,,,,,0.0,[],3.6432,False
0,4.6,"Boddingtons Pub Ale is a higher ABV version of Boddingtons Bitter brewed for Export Markets. 

Boddingtons has been enjoyed by beer drinkers in England for more than 200 years, and is well known for its creamy head and smooth body.

Boddingtons is a refreshing, smooth beer renowned for its golden colour, full-bodied flavour and malty, moreish taste with smooth, tight creamy head.",0,https://untappd.akamaized.net/site/beer_logos/beer-1536_e8101_sm.jpeg,https://untappd.akamaized.net/site/beer_logos_hd/beer-1536_8882f_hd.jpeg,Pub Ale,boddington-s-brewery-pub-ale,English Bitter,1536,148,https://untappd.akamaized.net/site/brewery_logos/brewery-BoddingtonsBreweryInBev_148.jpeg,Boddington's Brewery,boddingtons-brewery,Macro Brewery,https://www.facebook.com/abinbev,abinbevnews,http://www.ab-inbev.co.uk,England,Shamlesbury,Lancashire,53.7622,-2.6113,"Sat, 21 Aug 2010 09:26:35 +0000",0,1,1536.0,"Thu, 01 Jan 1970 00:00:00 +0000",14932.0,92130,3.38334,,1676,145588,104606,0,,,,,,0.0,[],3.38422,False
0,4.6,"This golden beer is craft brewed using the finest Crystal malts infused with Golding, Styrian Golding, Fuggle and Admiral hops. Over 200 years of brewing tradition has ensured Brakspear beers are renowned for what is best in English brewing.",0,https://untappd.akamaized.net/site/beer_logos/beer-14933_33584_sm.jpeg,https://untappd.akamaized.net/site/beer_logos_hd/beer-14933_feb22_hd.jpeg,Oxford Gold,brakspear-brewing-company-oxford-gold,Golden Ale,14933,1353,https://untappd.akamaized.net/site/brewery_logos/brewery-WHBrakspearSons_1353.jpeg,Brakspear Brewing Company,brakspear-brewing-company,Micro Brewery,http://www.facebook.com/pages/Brakspear-Beer/122175544521430,Oxfordshirebeer,http://www.brakspear-beers.co.uk,England,Witney,"Oxfordshire, OX28 4DP",51.7826,-1.48842,"Thu, 16 Dec 2010 08:59:15 +0000",0,1,,,,15861,3.23547,,371,21558,17204,0,,,,,,0.0,[],3.24331,False
0,4.8,,20,https://untappd.akamaized.net/site/assets/images/temp/badge-beer-default.png,,Pumpkin Spice Ale,mckenzie-brew-house-pumpkin-spice-ale,Pumpkin / Yam Beer,249252,841,https://untappd.akamaized.net/site/brewery_logos/brewery-McKenzieBrewHouse_841.jpeg,McKenzie Brew House,mckenzie-brew-house,Brew Pub,http://www.facebook.com/McKenzieBrew,mckenziebrew,http://www.mckenziebrewhouse.com/,United States,Glen Mills,PA,39.8658,-75.5442,"Fri, 19 Oct 2012 23:07:40 +0000",0,0,249252.0,"Sat, 05 Jan 2013 16:26:08 +0000",14934.0,130,3.41154,,0,169,158,0,,,,,,0.0,[],3.56767,False
0,0.0,,0,https://untappd.akamaized.net/site/beer_logos/beer-14935_9b0e0_sm.jpeg,,Pumpkin Death,snipes-mountain-brewing-pumpkin-death,Spiced / Herbed Beer,14935,1162,https://untappd.akamaized.net/site/brewery_logos/brewery-1162_4e6a2.jpeg,Snipes Mountain Brewing,snipes-mountain-brewing,Micro Brewery,https://www.facebook.com/pages/Snipes-Mountain-Brewing/42104962882,SnipesBeer,http://www.snipesmountain.com,United States,Sunnyside,WA,46.3284,-120.008,"Thu, 16 Dec 2010 09:10:17 +0000",0,0,,,,13,3.42857,,0,18,17,0,,,,,,0.0,[],3.58796,False
0,0.0,Amazing what you find in the back of the fridge :),0,https://untappd.akamaized.net/site/assets/images/temp/badge-beer-default.png,,Honey Lavender Wit,crazy-cat-lady-beer-honey-lavender-wit,Witbier,14936,3136,https://untappd.akamaized.net/site/assets/images/temp/badge-brewery-default.png,Crazy Cat Lady Beer,crazy-cat-lady-beer,Home Brewery,,,,United States,,,0.0,0.0,"Thu, 16 Dec 2010 09:18:28 +0000",1,1,,,,1,0.0,,0,4,4,0,,,,,,0.0,[],2.524,False
0,5.1,We brew this every year in time for Christmas. Our award winning ?Stouter stout? gets a generous addition by way of a full bottle of ruby port in every cask.,0,https://untappd.akamaized.net/site/beer_logos/beer-14937_540a9_sm.jpeg,https://untappd.akamaized.net/site/beer_logos_hd/beer-14937_2df39_hd.jpeg,Stouter Port Stout,marble-beers-stouter-port-stout,Stout - Other,14937,2456,https://untappd.akamaized.net/site/brewery_logos/brewery-Marble_2456.jpeg,Marble Beers,marble-beers,Micro Brewery,http://www.facebook.com/group.php?gid=2468167027,marblebrewers,http://www.marblebeers.co.uk,England,Manchester,Greater Manchester,53.4902,-2.23461,"Thu, 16 Dec 2010 09:27:47 +0000",0,1,,,,70,3.92857,,1,109,88,0,,,,,,0.0,[],3.70256,False
0,15.5,"Deep amber color lager, strong malt aroma, sweeter malt flavor, high bitterness to balance alcohol and sweetness. Made each May for winter solstice. This special yeast gives a unique flavor to this ultra strong lager.",0,https://untappd.akamaized.net/site/assets/images/temp/badge-beer-default.png,,Winter Wonder Lager,kuhnhenn-brewing-company-winter-wonder-lager,Lager - Winter,14938,4557,https://untappd.akamaized.net/site/brewery_logos/brewery-KuhnhennBrewingCompany_4557.jpeg,Kuhnhenn Brewing Company,kuhnhenn-brewing-company,Micro Brewery,http://www.facebook.com/KuhnhennBrewingCo,kuhnhennbrew,http://www.kbrewery.com/,United States,Warren,MI,42.5277,-83.0466,"Thu, 16 Dec 2010 09:38:42 +0000",0,1,,,,155,3.75161,,0,254,220,0,,,,,,5.0,"[{'beer': {'bid': 229372, 'beer_label': 'https://untappd.akamaized.net/site/assets/images/temp/badge-beer-default.png', 'beer_slug': 'kuhnhenn-brewing-company-winter-wonder-lager-2009', 'beer_name': 'Winter Wonder Lager (2009)', 'is_vintage': 1, 'is_variant': 0}}, {'beer': {'bid': 284349, 'beer_label': 'https://untappd.akamaized.net/site/assets/images/temp/badge-beer-default.png', 'beer_slug': 'kuhnhenn-brewing-company-winter-wonder-lager-2012', 'beer_name': 'Winter Wonder Lager (2012)', 'is_vintage': 1, 'is_variant': 0}}, {'beer': {'bid': 315276, 'beer_label': 'https://untappd.akamaized.net/site/assets/images/temp/badge-beer-default.png', 'beer_slug': 'kuhnhenn-brewing-company-winter-wonder-lager-2007', 'beer_name': 'Winter Wonder Lager (2007)', 'is_vintage': 1, 'is_variant': 0}}, {'beer': {'bid': 1504463, 'beer_label': 'https://untappd.akamaized.net/site/assets/images/temp/badge-beer-default.png', 'beer_slug': 'kuhnhenn-brewing-company-winter-wonder-lager-2011', 'beer_name': 'Winter Wonder Lager (2011)', 'is_vintage': 1, 'is_variant': 0}}, {'beer': {'bid': 1504558, 'beer_label': 'https://untappd.akamaized.net/site/assets/images/temp/badge-beer-default.png', 'beer_slug': 'kuhnhenn-brewing-company-winter-wonder-lager-2004', 'beer_name': 'Winter Wonder Lager (2004)', 'is_vintage': 1, 'is_variant': 0}}]",3.68335,False
0,8.0,"A rich oak-aged beer with a light hop note and strong toasty malt character. Aroma results from the seamless blend of vanilla, caramel, brandied cherry and Yakima Valley hops. Flavors of caramel and oak are offset by the warmth of alcohol. A perfect winter warmer that is well balanced to the end.",52,https://untappd.akamaized.net/site/beer_logos/beer-14939_18531_sm.jpeg,,Hoppy the Woodsman,schooner-exact-brewing-company-hoppy-the-woodsman,Strong Ale - American,14939,3940,https://untappd.akamaized.net/site/brewery_logos/brewery-3940_a12e4.jpeg,Schooner Exact Brewing Company,schooner-exact-brewing-company,Micro Brewery,https://www.facebook.com/pages/Schooner-Exact-Brewing-Co/31681449569,schoonerexact,http://www.schoonerexact.com,United States,Seattle,WA,47.5686,-122.334,"Thu, 16 Dec 2010 09:42:51 +0000",0,1,,,,1495,3.90836,,6,1934,1689,0,,,,,,5.0,"[{'beer': {'bid': 137533, 'beer_label': 'https://untappd.akamaized.net/site/beer_logos/beer-137533_ea2f6_sm.jpeg', 'beer_slug': 'schooner-exact-brewing-company-hoppy-the-woodsman-2009', 'beer_name': 'Hoppy the Woodsman (2009)', 'is_vintage': 1, 'is_variant': 0}}, {'beer': {'bid': 137537, 'beer_label': 'https://untappd.akamaized.net/site/beer_logos/beer-137537_f7543_sm.jpeg', 'beer_slug': 'schooner-exact-brewing-company-hoppy-the-woodsman-2010', 'beer_name': 'Hoppy the Woodsman (2010)', 'is_vintage': 1, 'is_variant': 0}}, {'beer': {'bid': 137539, 'beer_label': 'https://untappd.akamaized.net/site/beer_logos/beer-137539_34c5c_sm.jpeg', 'beer_slug': 'schooner-exact-brewing-company-hoppy-the-woodsman-2011', 'beer_name': 'Hoppy the Woodsman (2011)', 'is_vintage': 1, 'is_variant': 0}}, {'beer': {'bid': 277273, 'beer_label': 'https://untappd.akamaized.net/site/beer_logos/beer-277273_6cf0f_sm.jpeg', 'beer_slug': 'schooner-exact-brewing-company-hoppy-the-woodsman-2012', 'beer_name': 'Hoppy the Woodsman (2012)', 'is_vintage': 1, 'is_variant': 0}}, {'beer': {'bid': 502070, 'beer_label': 'https://untappd.akamaized.net/site/beer_logos/beer-502070_7ebd2_sm.jpeg', 'beer_slug': 'schooner-exact-brewing-company-hoppy-the-woodsman-2013', 'beer_name': 'Hoppy the Woodsman (2013)', 'is_vintage': 1, 'is_variant': 0}}]",3.86458,False
0,5.5,"This is our special ale from the brewers at Anchor. It is sold only from early November to mid-January. The Ale?s recipe is different every year, but the intent with which we offer it remains the same: joy and celebration of the newness of life. Since ancient times, trees have symbolized the winter solstice when the earth, with its seasons appears born anew. ",0,https://untappd.akamaized.net/site/beer_logos/beer-OurSpecialAle2008_14940.jpeg,,Merry Christmas & Happy New Year (Our Special Ale) (2008),anchor-brewing-company-merry-christmas-happy-new-year-our-special-ale-2008,Winter Ale,14940,3891,https://untappd.akamaized.net/site/brewery_logos/brewery-AnchorBrewingCompany_3891.jpeg,Anchor Brewing Company,anchor-brewing-company,Micro Brewery,http://www.facebook.com/anchorbrewing,AnchorBrewing,http://www.anchorbrewing.com,United States,San Francisco,CA,37.7635,-122.401,"Thu, 16 Dec 2010 09:42:55 +0000",0,0,,,,735,3.60782,,1,1153,1015,0,,,,,,0.0,[],3.62048,False
0,0.0,,0,https://untappd.akamaized.net/site/assets/images/temp/badge-beer-default.png,,Barleywine on Calvados & Oak,5-seasons-brewing-barleywine-on-calvados-and-oak,Barleywine - American,14941,2659,https://untappd.akamaized.net/site/brewery_logos/brewery-2659_edec0.jpeg,5 Seasons Brewing,5-seasons-brewing,Brew Pub,http://www.facebook.com/pages/5-Seasons-Brewing/87074234663,5SeasonsBrewing,http://www.5seasonsbrewing.com/,United States,Sandy Springs,GA,33.9077,-84.3788,"Thu, 16 Dec 2010 09:49:01 +0000",0,0,,,,0,0.0,,0,1,1,0,,,,,,0.0,[],3.59537,False
0,0.0,Cranberry rye brown ale,0,https://untappd.akamaized.net/site/assets/images/temp/badge-beer-default.png,,Cramber Rae's Bridal Ale,crazy-cat-lady-beer-cramber-rae-s-bridal-ale,Brown Ale - American,14942,3136,https://untappd.akamaized.net/site/assets/images/temp/badge-brewery-default.png,Crazy Cat Lady Beer,crazy-cat-lady-beer,Home Brewery,,,,United States,,,0.0,0.0,"Thu, 16 Dec 2010 09:58:44 +0000",1,1,,,,1,0.0,,0,2,1,0,,,,,,0.0,[],2.524,False
0,5.0,"Provides a floral and herbal character that balances the refreshing German K?lsch style. A classic K?lsch is less bitter than a pilsner with a slightly fruity and sweet biscuit note. Creates a bright fresh flavor by using Alsatian Strisselspalt hops for a subtle lemon and grassy hop note. Another layer of flavor by aging the beer on a bed of Jasmine Sambac, a fragrant night blooming flower from Southeast Asia. The jasmine creates a delicate floral aroma and flavor for a complex and refreshing brew.",0,https://untappd.akamaized.net/site/beer_logos/beer-SamuelAdamsEastWestKolsch_32690.jpeg,,Samuel Adams East-West K?lsch,boston-beer-company-samuel-adams-east-west-kolsch,K?lsch,32690,157,https://untappd.akamaized.net/site/brewery_logos/brewery-157_6a2d2.jpeg,Boston Beer Company,boston-beer-company,Micro Brewery,https://www.facebook.com/SamuelAdams,SamuelAdamsBeer,http://www.samueladams.com,United States,Boston,MA,42.3144,-71.1034,"Wed, 23 Feb 2011 19:23:13 +0000",0,0,32690.0,"Thu, 09 Feb 2012 21:58:19 +0000",14943.0,4151,3.21591,,7,7616,5858,0,,,,,,0.0,[],3.24568,False
0,11.0,,0,https://untappd.akamaized.net/site/beer_logos/beer-SplinterBlack_14944.jpeg,,Splinter Black,troegs-brewing-company-splinter-black,Stout - American Imperial / Double,14944,2583,https://untappd.akamaized.net/site/brewery_logos/brewery-2583_bfb6f.jpeg,Tr?egs Independent Brewing,troegs-independent-brewing,Micro Brewery,https://www.facebook.com/troegsbrewingco,TroegsBeer,http://www.troegs.com/,United States,Hershey,PA,40.2933,-76.6576,"Thu, 16 Dec 2010 10:08:54 +0000",0,0,,,,354,3.95763,,0,578,504,0,,,,,,0.0,[],3.81533,False
0,9.0,"From a country far, far away, comes the only imperial Wheat stout in the known universe. This Imperial really strikes back. Made with wheat malt and wheat yeast. ",0,https://untappd.akamaized.net/site/beer_logos/beer-14945_9036e_sm.jpeg,https://untappd.akamaized.net/site/beer_logos_hd/beer-14945_9418f_hd.jpeg,Dark Force,haandbryggeriet-dark-force,Stout - Russian Imperial,14945,2206,https://untappd.akamaized.net/site/brewery_logos/brewery-HaandBryggeriet_2206.jpeg,HaandBryggeriet,haandbryggeriet,Micro Brewery,https://www.facebook.com/Haandbryggeriet-321958088808/,,http://www.haandbryggeriet.net,Norway,Drammen,,59.7414,10.231,"Thu, 16 Dec 2010 10:12:10 +0000",0,1,,,,7284,3.95308,,86,9283,8132,0,,,,,,5.0,"[{'beer': {'bid': 788238, 'beer_label': 'https://untappd.akamaized.net/site/assets/images/temp/badge-beer-default.png', 'beer_slug': 'haandbryggeriet-dark-force-2010', 'beer_name': 'Dark Force (2010)', 'is_vintage': 1, 'is_variant': 0}}, {'beer': {'bid': 886773, 'beer_label': 'https://untappd.akamaized.net/site/assets/images/temp/badge-beer-default.png', 'beer_slug': 'haandbryggeriet-dark-force-2008', 'beer_name': 'Dark Force (2008)', 'is_vintage': 1, 'is_variant': 0}}, {'beer': {'bid': 1204552, 'beer_label': 'https://untappd.akamaized.net/site/assets/images/temp/badge-beer-default.png', 'beer_slug': 'haandbryggeriet-dark-force-2014', 'beer_name': 'Dark Force (2014)', 'is_vintage': 1, 'is_variant': 0}}, {'beer': {'bid': 1281688, 'beer_label': 'https://untappd.akamaized.net/site/assets/images/temp/badge-beer-default.png', 'beer_slug': 'haandbryggeriet-dark-force-2007', 'beer_name': 'Dark Force (2007)', 'is_vintage': 1, 'is_variant': 0}}, {'beer': {'bid': 1459068, 'beer_label': 'https://untappd.akamaized.net/site/assets/images/temp/badge-beer-default.png', 'beer_slug': 'haandbryggeriet-dark-force-2012', 'beer_name': 'Dark Force (2012)', 'is_vintage': 1, 'is_variant': 0}}]",3.94094,False
0,5.6,"For hop lovers, we?ve taken our 11th Hour Pale a step further by adding hops at kegging. There is a distinct hop flavor in the finish.",0,https://untappd.akamaized.net/site/beer_logos/beer-14946_7e2f0_sm.jpeg,https://untappd.akamaized.net/site/beer_logos_hd/beer-14946_432d3_hd.jpeg,Over-the-Edge,whitstran-brewing-co-over-the-edge,Pale Ale - American,14946,3910,https://untappd.akamaized.net/site/brewery_logos/brewery-WhitstranBrewingCo_3910.jpeg,Whitstran Brewing Co.,whitstran-brewing-co,Micro Brewery,https://www.facebook.com/whitstran.brewing,,http://www.whitstranbrewing.com,United States,Prosser,WA,46.2104,-119.77,"Thu, 16 Dec 2010 10:14:47 +0000",0,1,,,,89,3.00562,,0,107,98,0,,,,,,0.0,[],3.50483,False
0,6.5,"1.066 OG
33.2 IBU",0,https://untappd.akamaized.net/site/assets/images/temp/badge-beer-default.png,,Chocolate Sweet Stout,alex-s-craft-beers-chocolate-sweet-stout,Stout - Milk / Sweet,14947,3788,https://untappd.akamaized.net/site/assets/images/temp/badge-brewery-default.png,Alex's Craft Beers,alex-s-craft-beers,Home Brewery,,,,United States,,IL,0.0,0.0,"Thu, 16 Dec 2010 10:24:10 +0000",1,1,,,,3,0.0,,0,14,6,0,,,,,,0.0,[],1.5144,False
0,6.0,,0,https://untappd.akamaized.net/site/assets/images/temp/badge-beer-default.png,,Ardelle Christmas Ale 2011,people-s-brewing-company-ardelle-christmas-ale-2011,Sour - Ale,110307,2400,https://untappd.akamaized.net/site/brewery_logos/brewery-2400_31563.jpeg,People's Brewing Company,peoples-brewing-company,Micro Brewery,http://www.facebook.com/peoplesbrew,PeoplesBrew,http://www.peoplesbrew.com/,United States,Lafayette,IN,40.4376,-86.8866,"Sat, 17 Dec 2011 23:04:48 +0000",0,1,110307.0,"Thu, 09 Aug 2012 17:46:19 +0000",14948.0,7,0.0,,0,15,11,0,,,,,,0.0,[],3.56794,False
